cookie_id,score
ck_315fb710a0e371e7,0.0005859546700999517
ck_a76ee3b3e3e522fd,0.10394297700743901
ck_94c9a4d382689e82,0.048228186051344615
ck_8eaf9509ad9462a0,0.0003669164273232994
ck_9a88a5a989cb5bc6,0.005637003513834441
ck_15239ef0689c1a35,0.007806181479363448
ck_8de69cd219d3b87f,0.19683501912658471
ck_f92cd37022b0ce21,0.01644494691134793
ck_1a3ff7620580a514,0.007875555530694899
ck_397c03aa33a57310,0.22659250752084673
ck_a7cf6c3b322f6b7a,0.007484208123377023
ck_c39a9e75760e3201,0.003331573809560599
ck_88ab6d245228c38e,0.0002499125523556647
ck_17733f75ebdea93e,0.0056069390166560845
ck_58eb871e8d7bed52,0.025500554145363542
ck_e55b7fa67db1ec27,0.0017085458192327807
ck_62f5cfe22c952694,0.011058917739298393
ck_7fbb709a0fe95759,0.0030610450886272454
ck_87abe9cd066a20fb,0.023507054838505976
ck_d58e058b5c553dd5,0.004968537072311154
ck_d27b872648b71202,0.001832901086581933
ck_4b4a3c5b95c55b43,0.0005144869439054115
ck_66dd4f4b4127256d,0.0007410056201603544
ck_93cc12703b500613,0.06354088812073624
ck_d28806a2179092eb,0.998097413185881
ck_0595c2a0c7881e05,0.011387613722024032
ck_50087d8666191144,0.07728919563278437
ck_b08b3f089138c901,0.008806788296971598
ck_fe3b67041dad2dd1,0.00039107961101268805
ck_8449a28f7d475d93,0.016301578668519837
ck_8642e3b6d84f49d3,0.007768372717756877
ck_e49b5e4f2f2e79db,0.5148597426594641
ck_437afe412ea4259c,0.077484555605985
ck_569b83668d74042d,0.9547690437180124
ck_233a487d31c3e631,0.9979499118629579
ck_1fca72e03143a645,0.8974246686662638
ck_79205e31223df2ad,0.02956085045224103
ck_9625a64406ea16e3,0.0037625111035555457
ck_079bd18dacb704a8,0.1183676307580373
ck_4db6d4fd2b49aa81,0.008360027548000566
ck_0dbefdac0a1868fb,0.0010695719676481544
ck_24ff97ad90bdd69a,0.05816271430363485
ck_77f8c5042065d506,0.0049216437362949545
ck_f11be8ce05382cec,0.010739660303027141
ck_c9d72140b0389216,0.010151993438381942
ck_69eda24e931fb36a,0.0006824182503960347
ck_ed471e496916ee15,0.0022369786878752088
ck_ff090498c4b17ac3,0.007481797786789268
ck_c3c19d6a0720915c,0.0012550311709864407
ck_af02e1817cfa40b5,0.026533811372738404
ck_2df5a9fc87553eb1,0.0023852799275696666
ck_4ac918e884cff336,0.02169002368247526
ck_ca149244b54ef3ad,0.00017789272777168205
ck_6babe5b8674ff51f,0.007137164289653152
ck_1573878386886290,0.013119543832960283
ck_3925f8565abb7fe4,0.003762975745038326
ck_c4de808ae69c771f,0.00037334887630488577
ck_a777c813551281fe,0.01229191009639319
ck_df4424f6dd85080d,0.07857643923559665
ck_85e5494ec20383ae,0.012974162863375487
ck_f71a4094e889c3af,0.005024823761571543
ck_f2f3cf9cd23b2809,0.031329631754524676
ck_18e2076397bcc211,0.03809819825373367
ck_c9f9fddef39bc664,0.028518837958562495
ck_7e826e233d6ea028,0.002223718887997856
ck_62fd7eb46bee9210,0.020256260118608062
ck_206f8e3cd72768f3,0.03192915048720003
ck_aa295a11b0a6ab36,0.00480335673252612
ck_9a56739d81f84a53,0.0035043644403668977
ck_aa075c418ed9fe5a,0.012474498542424162
ck_62b9fb3db284941b,0.006833162136437951
ck_f4f83b1403ebea46,0.02618178286190963
ck_16b66bd803288bc3,0.10192886760773245
ck_c4ca1434f3778f1d,0.9986701335992317
ck_1b823610371a29c0,0.010602209613104896
ck_c2bd5a722aa637d9,0.012626564136840776
ck_7890208951df34f0,0.02037493384827063
ck_020eb0e454524ecd,0.0007540891311878841
ck_3b66196ccf436c35,0.004080540928629099
ck_109fc467ec0a4af5,0.06172679351819367
ck_f3dcd818db92de7b,0.015604472337477405
ck_31e7742f160980ef,0.024658443929142033
ck_77fce5f86f00b8f4,0.11488970184464235
ck_46bc797b4d07d607,0.002024473570160642
ck_37899b1b571b1c6b,0.008620546882789818
ck_ef8a6af43fedd464,0.0016734150625175484
ck_bcc8519fe8521038,0.07221732205740801
ck_90696b7182dd9129,0.007121509371013319
ck_4a24ad61d017e1ba,0.025944208574354848
ck_0acc3d8c67218b9d,0.0033096415472049267
ck_05c97fc9de11aba6,0.08373693599259346
ck_f8ac3a0500c0ec62,0.006197154696196125
ck_617b65141f546a1c,0.003635967299938486
ck_9d00823bf60388d7,0.011826683590584669
ck_123c15d93f1840f2,0.06437087844296766
ck_573feefba6bf78bb,0.06944016660665744
ck_b25657bd16739036,0.0035819487159887407
ck_bd26d2bef14a8597,0.0036734163723213553
ck_a553418f2fba1440,0.01010955468062034
ck_89f3e380b0686963,0.0034266718304897525
ck_b359192aa659bdce,0.010744564691449446
ck_02241f3dc301bebf,0.006613719917352743
ck_5ccc1a1c78cb33ee,0.06304342486754648
ck_349cc5edda1b8853,0.019967804573788047
ck_e9f228845bf6e28b,0.06583783707781433
ck_0a45d033d4e280ea,0.027993863481365795
ck_7e63168dda612235,0.003438062465375137
ck_676fa5f6aae5475b,0.0034077391976945425
ck_74b502b20690ccfe,0.00196672519944702
ck_073509af21dd7f5f,0.5212653893068331
ck_498a0acd450944d8,0.0013393907688489034
ck_7f15b50b29dead01,0.012868066042180262
ck_8089fe7403c5f537,0.014211784951639442
ck_05b2b04e11d9ae9c,0.01022574147924202
ck_31e70f2f04b48b88,0.0007567992223673772
ck_994316fa5a02b319,0.0013615809498727933
ck_b76510998b9a2260,0.015762934989506254
ck_4db95c310e105d30,0.0014402791361111443
ck_6f730b77dc6cdb84,0.003156956643740766
ck_2493ee8e7b91d304,0.03275335730251227
ck_92d679d6ac7dcdcb,0.03411208800543138
ck_3a0e0200cbb185cb,0.014824145200181802
ck_0b2eeb4e00ff7955,0.04719902563348201
ck_9843d0e61c37ebe8,0.9972321906204122
ck_e61c8721e3ef1921,0.004733988585328089
ck_2e0eedaaf2980c2c,0.0024950176626132117
ck_9036b2e5e9298a34,0.0029441908892415282
ck_3265442528d51728,0.01821526312303023
ck_f2ddae2eb1cb29b4,0.010064651253185963
ck_6cfa71d27fc27f92,0.011355299117616654
ck_f3199fbe84a28b9a,0.0421629565512449
ck_b78d785ca3ef773a,0.003477639472327008
ck_374865697f1480eb,0.0140387530339924
ck_06d0e4a9189302a9,0.014210108060898742
ck_9c9884b9bcaa552e,0.14838837738291588
ck_fd4cf578e87703ff,0.015108885997403112
ck_1917ef3e6e345549,0.0648042162617485
ck_e70418b00cbbbac9,0.04509247379992909
ck_a60388296a47062c,0.025956908516708732
ck_d598fe8d2c779ab9,0.009446174700764845
ck_646dc03de4c31803,0.8372789874266849
ck_e4fd8cbd842b6993,0.0011481096300176212
ck_2225b555aa2a42ed,0.029749228564383987
ck_6be8ae9d78148882,0.007453700068432554
ck_4199342d3aca74e8,0.04201805955691769
ck_779581adb573261f,0.0204657084950849
ck_bb303568b6915205,0.028289073797356748
ck_17c4296276448afe,0.002806676769825818
ck_a60a61ac829252a0,0.008277930700013791
ck_6ea70950c1cae00b,0.9449552281252952
ck_1abb93f6924645e1,0.029426109166791087
ck_faab769cce19879a,0.06080158990684701
ck_d5b8e74e7ca6355a,0.03670564989357941
ck_f11f7691af16ad07,0.000875813601660679
ck_188fdf2be7c92e9d,0.9971373208145774
ck_4a103f8254b366f7,0.00761486269315377
ck_bfa17a0b1760e616,0.0009085729802465559
ck_a4d7f6a5869d440a,0.9684593795382698
ck_58e20f5a3e7f11b8,0.8330655271444563
ck_4becdd3d2696c7ba,0.0026758285506744755
ck_dad5cf32ab9f243f,0.004621895076347408
ck_7d9f73dc7c4f90c3,0.1567061042610542
ck_c19371047a2d011d,0.0008372691544175469
ck_247589ff532f7aa8,0.0031361139479491504
ck_7a9f241d5f082567,0.0018845015030501374
ck_0a2b7078736b4dda,0.0012121833976222877
ck_687b412e2aac7eb6,0.01425948702008953
ck_fce0b6855886a0b8,0.014231008758606563
ck_e291cc60920456d0,0.0776367245772361
ck_04219a7ea798db51,0.01990519437197475
ck_286bfd719836e9f3,0.21435691362836637
ck_55efc92394fee232,0.0071115890676969155
ck_e36c8da1bd359960,0.023949585481391533
ck_34b0988a97d96902,0.011869578202520275
ck_e0fb11fc9dcb34e6,0.0033870583869423532
ck_bcc9cbc9ed8b7c31,0.012824563126815796
ck_3df8da6f60a89a5b,0.011396248484946551
ck_b1495ee5c59a6b28,0.020125257683580665
ck_58f4c3ac61fda129,0.07018626990675762
ck_735f244b99e3aa8d,0.009285221486965107
ck_6b93bd8abf87b1d6,0.8979823360163054
ck_12107dacc6d05bd1,0.000784470506385543
ck_f96db2a1f3448d1f,0.01075945774205637
ck_8fd91a3c99e19097,0.007213983495912193
ck_910205d25388a0ae,0.0003816141573514027
ck_d229dfa0e4442628,0.0012772690786188355
ck_7cdec61e1c488798,0.011615455471339074
ck_f66f06e24ff32671,0.027693015652578565
ck_350bf14e90b503f5,0.008837918295416745
ck_61fff5fdaadd394b,0.0028599891547001887
ck_e934f984bad2ff91,0.46755781057470175
ck_ff6a6d3547dd2d37,0.008882406174416461
ck_65ad9b15979e3247,0.01149541115293389
ck_bbe1a2ea5a403ad8,0.47797322788218966
ck_6f3a28eecd2c4031,0.010936602948463166
ck_a89b66665714058f,0.004780070951206201
ck_918c92182b6817cd,0.027522711262641192
ck_64f5eb4be9e7b8fa,0.16094461505790947
ck_d021fd497ea35fb2,0.038173803519184035
ck_004de16f7d8a42ae,0.020865783627259823
ck_a33d2325f86ab12d,0.0019489953069657423
ck_89790ff26c844bc6,0.01242178833095067
ck_e6e7257377c37b28,0.1273467182199494
ck_a2cc3910a641a808,0.4727511311915064
ck_646e270e0195bf05,0.0057925157047556556
ck_baba5d66def0d770,0.12067020899190199
ck_67cdcdda3033842d,0.10356802588778893
ck_b5c3075c811a2216,0.03241308394901089
ck_515379973a8044b8,0.00539388288375648
ck_c0ce85fb4109567d,0.01916453362375742
ck_fef850553862aaca,0.0016337501029479824
ck_55d7217b0aff9fa2,0.004082066980055933
ck_8e139f8925ef7968,0.004509871314193778
ck_9e35b908fca1e4d7,0.0014926877528118566
ck_59735f4ab2ad3da5,0.014095545043000635
ck_dc569c1167ccec0d,0.8178146594125053
ck_1dade5592f90a15c,0.06326058374469529
ck_793048d11fb8b328,0.1492672430537693
ck_545b71eb4fa594b5,0.0006505075883608939
ck_bd30853e9a57b544,0.02351468745553094
ck_59f46321ecf6d306,0.01476383475089886
ck_260cfe9141d249f1,0.3330886322350032
ck_3365a0ad1a8aa83c,0.004097395134214288
ck_b0ef193195a2138b,0.0014284006160220357
ck_0f909705e2e60f2f,0.0036832676609520492
ck_5a540b75c866166a,0.04827241535941272
ck_87c26b2f41025109,0.9937977115063759
ck_27acc9f320cda104,0.15059259985531517
ck_a27bc31eecd9cb9a,0.007748273943539804
ck_115d86fabde77b65,0.00022673547548645467
ck_eeca179341d56f8a,0.7211705818616675
ck_8e5999c436cf037e,0.00043322275555115607
ck_510e7c5df1f95d90,0.9986686307974513
ck_f1acf73363925958,0.011541904425508826
ck_3c177f5970b68bd3,0.009010697307332874
ck_9cdfaa1c30cc9d32,0.0006015168588946447
ck_c8efa1538b37c359,0.0060993878672505565
ck_a8a2e296f9804bd7,0.028951870735916957
ck_91a0ca45f429568d,0.015412321643626051
ck_5fdf8a0bdbd3ed62,0.01326064998602861
ck_0f4e2ec66d50da5f,0.0028349562190723866
ck_28c53b214b2ee882,0.19361608127652272
ck_003148504557f720,0.06276392250210193
ck_01d840cffb870615,0.28940877781642593
ck_555848d51f4b5f35,0.03634296710102272
ck_df20cc23b8fb8e22,0.009710108225726915
ck_f9604adde929beff,0.004255231483435433
ck_d66952b03591bdec,0.004655544087569001
ck_ddcac1ab765ff61a,0.016394405773257622
ck_347386629d96c664,0.01963096860297089
ck_ab01db9117acfe3d,0.0060776692229778315
ck_58e5359efc52e0ad,0.0035091905754347998
ck_1a524b5cc8da71b3,0.11130933651834336
ck_e9287b6d909d731f,0.0019313796020916268
ck_bb41a66e3d90263b,0.2279921652512012
ck_e95c8cc1864bd584,0.0011905803779423004
ck_7a3f2961e9a8b6dc,0.005360356060416411
ck_378a9df82b1e0bee,0.23691324968560837
ck_42633573639a3f02,0.9869740697968697
ck_2a5a4c18c2c7274b,0.004553774248405499
ck_77549c1a41f837c3,0.014320152159919405
ck_a26704b5b26258b7,0.008020109011231354
ck_9874ad160efddf50,0.00684181245115775
ck_9111e3a04b14dfba,0.01644655375105232
ck_651e076ee43aea85,0.0028821615222793355
ck_391639c0f13932f3,0.0004346340634482116
ck_02dbabda93c8c13d,0.03301034365947425
ck_0adcb1fffcb0a34b,0.012646639922979574
ck_7a43ef9c7b1c67b5,0.0011872885939820167
ck_4b9dd69946438d0b,0.006155159463926675
ck_90bf017cdd37b66e,0.026066260207242425
ck_61c74163eb36556e,0.018279189240255515
ck_13376c59b5bd6943,0.0020096942913670254
ck_62337eccb1672737,0.016934577842926835
ck_16077934338472bf,0.0008156406857783491
ck_0d4dfd93086e7330,0.005029761882160329
ck_3865b7525b910893,0.02654881688709487
ck_7e2ae8b69ebd5675,0.00506689542132189
ck_b4384b6c11766ce7,0.004647537385342086
ck_3d7fa32dfb9fc692,0.07921045415362658
ck_f4a6a7cadd6e0603,0.05464932260923123
ck_212525e2828a6c45,0.015417694528121905
ck_33ad8d53394ba77a,0.439842433545062
ck_a5051eafe8b51224,0.006621720271822355
ck_f65e5ff7da565f91,0.002357354022828653
ck_5c37f7563fa7591d,0.014956181173681544
ck_f1e0a006068aff29,0.013207636613169158
ck_c646cdead6fb79d0,0.005198426534684705
ck_f8b3cdffef535330,0.03860372413010398
ck_e5cdbe3aa12c97f6,0.004973163529611083
ck_986e4e61440506d0,0.09859482381012968
ck_6da9c5912e15d9a8,0.0014459979788668015
ck_51d842e6dae74c71,0.00787919666940628
ck_5fc65c24e0736d5d,0.9084720920951774
ck_babb95a76c69509d,0.017465688953081867
ck_86a2d852a9715432,0.05011465611612923
ck_db4083a0d043def8,0.15788330967858313
ck_96953b8945b7d403,0.008801568287493296
ck_7831ca5c31fb3859,0.10281171025542978
ck_60ac5e5f375daa38,0.013143909265049783
ck_05d44eb1f5f085ce,0.022243163523075846
ck_432cc19c7eeaa46e,0.024689997545039935
ck_7fc513033af061af,0.00931381467262845
ck_ada6ede84c111719,0.005872791377348701
ck_6343e0d3b1c2962b,0.026161853616015363
ck_010264ae04f2e902,0.051429502490156355
ck_e9dcf535f8c289eb,0.06655569484867992
ck_37143d9cc296e6fa,0.01049159413634225
ck_61fa051192f3e810,0.03073125195548913
ck_f9f93d1d41be1468,0.8804306884220858
ck_c4f4f28457be8a74,0.0010360270055787804
ck_323a71f9452d21cb,0.5498213948578253
ck_170f4688e0acd875,0.04400484921691928
ck_869b1878d09d230d,0.2627453585829862
ck_2f6b33bf46976229,0.00027457534011214845
ck_b11e22e75d9b99de,0.0005367277376250635
ck_123d75ffb75b606d,0.003036150829958684
ck_94295287a04c85d2,0.12991272699806602
ck_1b0434f096795328,0.001996238135735997
ck_0a4e191cd0a57ce1,0.0031483255736247493
ck_d2fbd0df99634676,0.011566125618720032
ck_d51df5e9fbbbcc94,0.050434330325417005
ck_2d3d7d64a6f443f8,0.004548637920386422
ck_731943c682c9394e,0.0519415529375726
ck_5ccc0c94e5e1f849,0.006959997747296684
ck_c3476080516db25d,0.021471887983791217
ck_5010ffb1c94187b5,0.0006937195670354366
ck_7ef666d67bc70223,0.048699600966916064
ck_c1b493527224a27a,0.0014804375855674214
ck_5d1e25d7acc5af9a,0.00841038033612776
ck_ec30b61cbf517db8,0.002030393039874373
ck_79323eb5d2e5efae,0.0022872656234324373
ck_4085cd3bf2661518,0.007683979334511027
ck_2ca91214c357c072,0.28894243126378827
ck_7f3132d6be389657,0.049955958817787395
ck_e7a6b925c8f39a85,0.011717720209586911
ck_c886adec7bac250a,0.009755208686890567
ck_c3f360c2d0ea0a37,0.02095997585276678
ck_a7acd5b015823793,0.013183081284882133
ck_9d64187c0800f84e,0.009062763013673788
ck_5d4ed73b9efd7d11,0.007174010027146843
ck_874eca6776b34dec,0.00251055844544323
ck_96a9221a87be93c3,0.037416789304431326
ck_68dd79a51eabf5e6,0.05199006204587547
ck_8311cb6755b2016c,0.0006907867546525294
ck_16fc77b2bcf5ec03,0.9316573120618401
ck_ad9e2088a33c8c72,0.0001676769895741846
ck_7176bbc97b1e42a1,0.0016649808478996552
ck_80dfa54b30f65fff,0.6620856506584117
ck_31c54d540b128843,0.0028471428855999983
ck_43ea894480567274,0.013899735830443362
ck_9c9e8a38bd5a6c88,0.027232814104656757
ck_1c2dcae19539e148,0.06404143156034094
ck_b0fa8b84e94d8ae0,0.00503732424994681
ck_4ceb43ccd0a81c2f,0.009425833453664859
ck_ba845332b730b596,0.001182122615285727
ck_73d3e8c6077f61e6,0.08224035762369594
ck_b5d0d223ef56473f,0.013608124991343467
ck_949f08f8e80e93ea,0.0007641491457513007
ck_73de0b49709e5f8c,0.0026385539184779093
ck_b5935e9722a39819,0.047112958290472726
ck_96247fee0eb44420,0.001634749772062632
ck_a6def1e4b2d57e0d,0.034392109905448706
ck_aecdc5a96321a2d8,0.011801838558657183
ck_bc61c59970f8de49,0.033451719745378916
ck_c43b4175fc9ac5bd,0.5810090809884747
ck_8ff7a9b23a55fd62,0.005324328890015769
ck_20c99b645f462449,0.0023539631892960746
ck_a5ce2ae36fb410d9,0.0004192205426774639
ck_96fb9bf556842bbc,0.014531608600701004
ck_b5e4c6dbbed1b773,0.03157762651821669
ck_2085433978e72ea9,0.043814369059781
ck_2c6b174b063ec637,0.008264481509376476
ck_b20b81b88dabe28d,0.0017094778152808526
ck_243c18dbf150831c,0.0005850200940947495
ck_2bb6a17e8eee35cc,0.02295286804046654
ck_66147fb994495396,0.11033965171705536
ck_73f124f075ede0fc,0.009734361897436976
ck_2e315f1b1e533dab,0.001890798414740954
ck_16c7bf94ed3e7a6f,0.0005156899236203122
ck_4a0eae220a762ac5,0.022802842245697497
ck_dc16f939c2f44ad8,0.0201593042784788
ck_817926b449754917,0.007315117977203689
ck_0c0dde42ab64ef87,0.012855925613717753
ck_cb3a40594da6a2ee,0.022265538699632333
ck_d0dc156441fcfdcb,0.0216911716824267
ck_66f0945add423e9e,0.005213762649899068
ck_a74f6a3030f5d495,0.022031240285134066
ck_1ae460f331e49ae2,0.017429398563549418
ck_2d177b2f4f0b40c9,0.2465805902386296
ck_92e474e4368c4791,0.009077849886910605
ck_3dee83fa2d109484,0.0015751259501035524
ck_80e5ea27848069fe,0.004354498128194373
ck_ed0c4a83701ca230,0.020491001966248285
ck_0b8b7c5c581fd161,0.00016510467878744822
ck_60bf8a2870956fb1,0.008612943081928198
ck_73a54b56a2bf35fe,0.8473255453932199
ck_2296d7a563424883,0.005878853619981372
ck_bc19c383560c7477,0.012852935639353422
ck_861d8e3d88f1079e,0.040020992514342636
ck_3f090fc96c24eb28,0.0024335025926613923
ck_9a6a1f8102febfca,0.031622069260293005
ck_541b6ad5d2fa5a39,0.015507190934344748
ck_a760d38d1bc4de97,0.0024453404006267985
ck_7dca4d7ee10b4eeb,0.0010938806601445733
ck_15220e78d1545e40,0.012640621977908469
ck_ca24bb0de508efb0,0.0024475652408452292
ck_56b389627d8f02c5,0.9953991430317841
ck_48a6754977a44db0,0.0067240259089135605
ck_333a43ec339a04cb,0.04676020060297789
ck_f22aacaf86a65d7e,0.040599174325772154
ck_04bd8a1ffaf3ffd8,0.0010704214472966182
ck_2737a72de6b700f3,0.03854907477646468
ck_c35e03b0dd0c3454,0.021325454665604416
ck_e0571312f395cd94,0.011767170553237673
ck_09fab6b9825001b2,0.0036254581407525154
ck_18c3a095606209e8,0.013105789443303786
ck_2a97db9377d01e36,0.0033183945644028327
ck_f29dbbfdd2786bd1,0.009307425058200022
ck_35d6c510ad29362e,0.4604442634560565
ck_5468fa99c945d785,0.015047013775167269
ck_6f8102f62c876cc9,0.06825262928977983
ck_91955aab3424ad16,0.004499670206618636
ck_9a43c0c73a39d759,0.019821476077525244
ck_60b023af6d1e30bf,0.7674616475023804
ck_9704c5cf8659cedc,0.022599528375307643
ck_7e5f02b51b9f78bf,0.10562270768465347
ck_7d3a88d1aa649708,0.9564609801092907
ck_8250eddc1ecb07a0,0.06810084990691155
ck_d979ef95ee44023d,0.019457073069744684
ck_5e5461dac83531ac,0.01142453120736715
ck_d1bb8890081e0a31,0.01069874701365676
ck_32246c62640648d9,0.0014565858012456903
ck_77a40c7d2f862a32,0.027806212601931776
ck_1c8b94efe9238f5b,0.00144962474133806
ck_eaf3b6d11bc3cb11,0.0037767406596151036
ck_a4a7ef3ad799c380,0.02895692083953358
ck_d5bd8f68da073cd8,0.004249160187295273
ck_6e6258227fc8db7f,0.0010724457234719239
ck_c35d444e05799db6,0.011155920920756922
ck_74665e1209140ae8,0.009891919138580773
ck_353a272478f7e903,0.006384172209580178
ck_a2c9796ea229a4e2,0.000692647465783673
ck_e0171f91cb3411fe,0.026771266117420957
ck_703499f5410280f7,0.001349040094444679
ck_ae3a763997f8f385,0.12088259165212742
ck_f7ff94c3df5ac874,0.008029496385453338
ck_f3c16d8f747db046,0.03809435363033348
ck_7ef019ed77276496,0.0029187193570773995
ck_d6a4faadab58a3de,0.005564443112186322
ck_ba7b78d31d74c794,0.01912727798878455
ck_36287d063350ce9d,0.0022955700293325054
ck_5177fc7137ff26ce,0.001136200653928267
ck_dfd4e79aaa967b63,0.008264589725552303
ck_fb44d15fb93a7157,0.023116995964989822
ck_fca478361870a4ca,0.002938133341800343
ck_e57b94fe57341058,0.0631179056170094
ck_5448c946cc4758fe,0.004829221781949125
ck_c5ece5ffb8800ad4,0.004407380385922698
ck_11cb98211b2ed134,0.9632075836624382
ck_f655399ac75c4450,0.014593099296710186
ck_c817259019588d30,0.008907912460889265
ck_8740a14d8096c6e1,0.017323030233985758
ck_0c5ba86f4e05b38d,0.009444781136701531
ck_ccc917533d4b73d4,0.022168896099776198
ck_9eb80edfa43203de,0.0035171286238870575
ck_d1a1cf4cf61d6801,0.02112182323324555
ck_b17c239f160e6017,0.006267017752728366
ck_410c3e13b48e0415,0.001085060915150769
ck_ab553954435e8854,0.9794899596131141
ck_bdbb4230c91e1604,0.03709807771605952
ck_8fd4937eadd64fb6,0.0015215905527120165
ck_e0e90b196bef3c11,0.0011914437691198398
ck_3dc4d464386f0eb2,0.21368239923177598
ck_51bbbf8f8e8ad005,0.9986006644217984
ck_c05737ab74cf03c6,0.04888176141971795
ck_dceabbe04d99afc2,0.0005610834650529519
ck_5b86fd14e85bc9c7,0.6479278860324554
ck_d4febf0083800424,0.029891939323380558
ck_77d9f86dcf251739,0.005797704105133744
ck_b4dcebc543deaafb,0.02781218668210209
ck_cb856e75c949b0cc,0.0004103522222643571
ck_61b067de8ffc1ca1,0.03423347447162873
ck_c0e8560ccfd9dd9d,0.002217647602582509
ck_173e1198c341087b,0.006612131738322908
ck_b4d55bc809000276,0.009441617302144848
ck_839bf139296b5cea,0.014691078248868079
ck_78cd402a2a4f2e35,0.002689421392643264
ck_c2925c50ebacbdba,0.002279407366310408
ck_5e3bc76eddbdb0a6,0.0016682915658703637
ck_b7793edca26fc512,0.009626416003152826
ck_d79bdf04d6f31cd5,0.0047556258217081844
ck_4b97d19ed946f503,0.003700472808422034
ck_37139b41c5370523,0.06777973339125279
ck_8c346eeefa9ce692,0.01246794328362703
ck_2ab7eddee2d8c49e,0.004014221310349822
ck_29da59ea3bffb9d8,0.17613139401142755
ck_c1d05ef0ec6e4be7,0.007020649781545649
ck_3882423b449f6291,0.9866171752341423
ck_5647030283171ed5,0.7964537742551425
ck_efbdcd9c181e72ca,0.008375222896866688
ck_192fdad892782daf,0.13432909927587192
ck_0bf2e13b9f2601ac,0.03788772536334159
ck_3d6046a533057795,0.01037911940513018
ck_279a1d3a3836e5cc,0.012914273198324892
ck_c375e929becde422,0.009236274398086544
ck_a59e90219939a1f0,0.0019482602879243006
ck_4e9fba1ec54c3ff8,0.01776315866530898
ck_bcbd8588a13f5eef,0.0002868752485479888
ck_5f9a7ff990341bdd,0.00092961841922924
ck_e0403d507519b7d2,0.008915451276875475
ck_c9490cb61aff5112,0.016265065481956803
ck_41dd44308e6a665a,0.11794322117427006
ck_76c23726cd7ca947,0.007989903393827179
ck_9be551300209fa83,0.03451768550268967
ck_a98848eec6c9581e,0.05140756751523463
ck_61176dafb33b2d8a,0.6315293732833319
ck_92de019e05971ce3,0.002714024952027009
ck_5d644224135d7c65,0.0055846821939119435
ck_c767fc454fa215d0,0.00854311602873396
ck_5df85a8924e11f27,0.01948599382185982
ck_da2729307af06ed5,0.031386079796156346
ck_7c6b577174af7a78,0.005038558281275207
ck_893b8afbe11301e1,0.0053039141106909085
ck_e06f6fed020ae014,0.013607427586529735
ck_386680372fb54857,0.001633824469996125
ck_7a7f3c4fe0c9d2ca,0.0038702582370588826
ck_f908b527c4db422d,0.05803162043299536
ck_ec2eee6a133e9a6f,0.05004291984446607
ck_d98934f9fe0b02b3,0.0006677497957456067
ck_398a1ed77b0130e5,0.009370303245854163
ck_d960af7a55b892b1,0.0031021654493834276
ck_4637e54a9f79e2e7,0.0006019586624401209
ck_02b9f418524f6650,0.017214476701207897
ck_d4b23804cebb045d,0.01245945028411272
ck_35b1939c48182a9a,0.004926012791224125
ck_2dcbb71e39d64305,0.018744333219926877
ck_47a884dec960ff2d,0.00978924283802685
ck_71fd8c346fde5cca,0.16286373842684662
ck_98e1992ac8e7d2de,0.04595170122296874
ck_ae7780327e210522,0.015494566379825533
ck_e6c584b4b1ad6d9d,0.007399573454760932
ck_344b2e326a6c3dcc,0.0025332525621014896
ck_9aa899a5230b0963,0.05475727215724841
ck_e48d14d5b70ef5aa,0.02875646140977485
ck_59d380a0973b3951,0.003710016724315299
ck_11318f7c041a5ba9,0.005682797875527601
ck_7061786fe2f22f5a,0.018345512983418903
ck_e77529651c416cf7,0.009033412615212384
ck_7f79878197340435,0.007080566982510804
ck_b0a0fb0ee9ebf106,0.005396022212584989
ck_70c7679199776a90,0.011314095547618974
ck_b9facd2210daca5c,0.05190943272539279
ck_9949f53c155b8dde,0.006017555187614141
ck_1c607e24f2c4397a,0.055379473316002625
ck_aefd1ce3ce093cbd,0.000574772267472932
ck_5a29b7018e43280c,0.0007612618111421802
ck_69eb0b2ccfbe5f95,0.007926066654010277
ck_fe037765aa465c58,0.004884499000177469
ck_5e512ef5362a3dd6,0.002750293456920538
ck_544a9e80b7fdc279,0.004915947843788094
ck_7825494e654d5695,0.03286839964302644
ck_f1f2c3c623553f0d,0.000242483283539628
ck_52730906e5b461eb,0.8911887148139518
ck_01e0689157fe9617,0.5335548361648139
ck_9da82e567074da9d,0.006647736564748873
ck_6a17384072f904c0,0.015837708728402816
ck_8d84d771a21942a7,0.000539964987854793
ck_39638880292782a7,0.009396158810570699
ck_7d51c86e0eec72ac,0.013070000472005327
ck_45f4c821c70d134f,0.7792743686830579
ck_0af3c13ba56ce57c,0.001218371282133553
ck_0789a05e061b2784,0.28392749662047584
ck_6ba091eb42ffa9fb,0.08636488785584531
ck_265accb3c5c32620,0.05891778431403001
ck_179039559ff7566c,0.031378183765155394
ck_17c0a6a92b5765cf,0.006017698475376832
ck_59371c9140239fd7,0.023486078100367867
ck_f9c4f8b4ce2691f0,0.01597763017103548
ck_a2637e4872cf4811,0.08967787038380115
ck_1de43fd6c6c22a5f,0.13638340271246507
ck_6e4f31bd108571f0,0.0005234974546456766
ck_da06d97db0b18851,0.0007835889053319984
ck_e0346d5081e640e8,0.06701810962209512
ck_c1c7d4e62c9fcded,0.017524554047360193
ck_2595669e421299f6,0.011212908354413319
ck_3b6057d51fd4c7d6,0.0014456066331721602
ck_c5f8ab515840a0fe,0.014124679574943632
ck_435cb24538c6f77c,0.044704535631163174
ck_d84b5403da4cea7b,0.039134213754962885
ck_c2b61a98d1c8f6dd,0.7255151614755988
ck_c9dcd92b2f836b61,0.1808408557397347
ck_9eb5b3f5f672c2b1,0.0004927198098074026
ck_e4cf189a8d31649a,0.0017631139109197673
ck_6b114f2a48152b96,0.0011300385496853156
ck_3fb95862b70f505c,0.01625639626228283
ck_7f780f465c29398e,0.007462503722645885
ck_ee387f9da79e67ea,0.02571404825369622
ck_fa3b1e85d27af2ee,0.051662170762476714
ck_e739eaaa7a1822f2,0.020466278052337524
ck_dfa0ac11fcb1dabd,0.0012568393491271125
ck_6e8751b571ea54d1,0.016501636042876834
ck_2d695f8358383092,0.012382166257849025
ck_e7dce27edb700f27,0.005763054351679533
ck_e322da8b213eab52,0.004184539850292546
ck_d0b32e039abb8200,0.0023446359149867026
ck_b354003302b272ca,0.007443946336762461
ck_f7485cba392bc294,0.3586307745224702
ck_d6a290ff8362c7b9,0.09921232858024971
ck_c56a44fe315c0389,0.010068817589111767
ck_f77dfe6512eae322,0.02074367915829954
ck_35fe969c58b9e70b,0.1040379648209471
ck_4c518637db2322d5,0.09510691971420984
ck_cb61902798ecc4fd,0.05386151395703477
ck_56e6cfa32156a916,0.002476906942231875
ck_343e6ed2b9d35c01,0.004385948160833001
ck_51440f64f7250ad7,0.06551829743249395
ck_295bca29c34cfe2e,0.014068401592394203
ck_dd30558576b45e7b,0.007275391299325955
ck_3a30132a57181fe3,0.031222356050500555
ck_4a733aeb833406f4,0.006213468402761546
ck_1b0b7c3d35ab1259,0.04975439564689591
ck_962c3bbf27cd4b80,0.07037332265227182
ck_9528e1d6b1707870,0.01456579825531558
ck_b3263e7f31aab45f,0.019723564397561105
ck_e69195a3c885053d,0.0015028497297743144
ck_a907fa8795cd4baf,0.0006411017482430247
ck_205c3405045bd835,0.0035444977673327574
ck_e81fc223bed3c46a,0.04566125400140975
ck_363751deae40edfb,0.06972352430873072
ck_6176baea8cbebbb6,0.003563231239993511
ck_633e6579f5c74a5c,0.804636338402701
ck_ddc11fc481eef58d,0.013850938867161761
ck_e975002c979e12c7,0.06163072967977576
ck_8e039b23acaaac00,0.05069110698246977
ck_1d6990d94a4d2ad6,0.02039586934750257
ck_e7b583acaa3171a2,0.04554006760357854
ck_c0133f60d39b2fb5,0.022478650021993528
ck_7d6bff85e7a694bc,0.0016012478978236085
ck_d305b4d82f63f647,0.0016897237018354185
ck_22bd0fc71f95e048,0.03739926426550903
ck_9a65fcfc7916f93f,0.0003474874324359456
ck_d61c837b0106085a,0.07536984064760123
ck_be86a1db08dea456,0.017502105972815714
ck_90489c405e6886d8,0.0028627416996028446
ck_0add2c321d579d75,0.02306543461852103
ck_482dea6eed92cbbc,0.005895093577228202
ck_c24b47184534cc2c,0.998098596344141
ck_fa04ac31e596e7d6,0.006164852147808724
ck_084322dc5a3a86f0,0.00757885137579962
ck_ccb72a33cc1877b7,0.012849884304670843
ck_afaf374009d3b248,0.011217272759301065
ck_b53084ffede19a8e,0.0013680533273033228
ck_4760216154c8cac2,0.2798585097721556
ck_37ad3a65db673e70,0.0028163706519163416
ck_0c2932cc0d553694,0.008159157383000803
ck_86b853c52f20fef5,0.0019242231855651599
ck_38703b7546d35a80,0.013660467573053833
ck_218b7e6e6dbd2da0,0.0016310454892287907
ck_402db4184982fdf5,0.029586394343569786
ck_f917c82af80e4a79,0.08412678696681963
ck_3c6417a233c68c73,0.07286398404530266
ck_98068c397d70dd3a,0.01191554484349144
ck_b1cbd6679c0f8d95,0.0025913642297214533
ck_9e962f9bb0e7bac2,0.010103038284347868
ck_b08247c3ad567d92,0.45461292500938894
ck_3ef7a03ebb81cfe3,0.0005646828474195712
ck_5d7ae0e3562e99bf,0.09477113967765216
ck_c91a628236baf91b,0.15879129420664895
ck_7f8e816ca51755e3,0.948692569750144
ck_5aadd286d188f5c3,0.003314989828339781
ck_a037aff5f8128c73,0.0022042553625935854
ck_5df6529ce8290906,0.008422988079991811
ck_5f3609511443e5a8,0.0057337782579166665
ck_a6f61864fac3c8fb,0.009340949713126462
ck_2733fc6ba23ae46e,0.01877269786160597
ck_22bfb9246646eb41,0.5181660646689425
ck_bfc2a57d8fd1610c,0.29065155664901604
ck_49839e761d0e74e9,0.006700097831669247
ck_aa4ba931dd37481d,0.002587149660436483
ck_2f9fa0d61829f815,0.02233163399311081
ck_5b82c774df10d49b,0.00041158703857560467
ck_411219470d0a195c,0.020968911435647535
ck_d07485ba10514a2d,0.2569825620334333
ck_219bef979ee21bdf,0.00040176235342762533
ck_eb1006e7285184a6,0.022827432598835837
ck_fd242b18575e3063,0.12023287837162945
ck_95188150ff059c70,0.030703874668926885
ck_a9ca2f447b984a6a,0.012428560726379687
ck_2dd39723c4088b64,0.0026336886754362476
ck_aa2b4c662ff213b6,0.013099019953560973
ck_1867b1199c864db5,0.042252662833682404
ck_850ec97a5a0dab9a,0.017736833894954177
ck_562320295fa35875,0.004014632719625478
ck_bab5759b07fe2bea,0.0017990023317982385
ck_b9f1465d803e57b2,0.04996155014528848
ck_8f21f2690c32c691,0.05493455684090654
ck_df87d6f61a63eb21,0.0047747852832125915
ck_770475876d0e7e6a,0.006033424824995938
ck_b4c014d5c0cc9eb2,0.002746555970825334
ck_3add4d23124c9290,0.005408844073740352
ck_bce5b7fecfb6264d,0.08193503637546455
ck_604c17cb97dc89be,0.030977047985960193
ck_e52cbcd9aafd26b2,0.0036250625473861387
ck_0ac9114076f5bf3d,0.01384279205639716
ck_dcc125b178b79566,0.001669512356503639
ck_4e333c09f0c37dee,0.01582192089637723
ck_ff7e31ff8ba731e5,0.0034141579516785894
ck_8d0532d24f1070d1,0.0007447825048125169
ck_3689fa41748a6f6b,0.06789690554289299
ck_7509eb97c1948b16,0.05244882831602043
ck_a9161cf1ca22a6bf,0.00792925994939705
ck_bed3e3db135b782e,0.010032389778467425
ck_9040edd974ef8e3f,0.6898503773779374
ck_fac32d76ed40f683,0.024747712093554787
ck_3d7b1078e2d57c69,0.0010883090563867793
ck_dae09c4e074af5dd,0.010933524664766141
ck_fd84507228467b40,0.03880936305173896
ck_e2a2ce9b8cf44c63,0.014398574809036429
ck_cbe716f351d660d4,0.005428228626680569
ck_cba4162ef29a6d27,0.017245859783764552
ck_4f1e962ff8a29732,0.003517279136032631
ck_39a81899dded61e4,0.003329417042324645
ck_25382331551d22a5,0.028370276110055753
ck_6d64e1c07b19856e,0.004430666051704426
ck_165a868bdef28ad3,0.034286821135251354
ck_88774ae52e30e877,0.015128746249239822
ck_fc7a9d0643570053,0.0006137989532279657
ck_c2017120b3b88a46,0.0234820804742454
ck_d115ac6b9fd62a7e,0.0026987039377694986
ck_439cf7d51ec7de0f,0.0067679750029953425
ck_2468a7e9e68a0927,0.00612820747799449
ck_7c418947124dee8f,0.055629054162953974
ck_fb0cf32c4a56f740,0.008763073736553224
ck_694eb6c43193afd4,0.010680232338241257
ck_993beb188dd4abb6,0.01796829717225081
ck_77fa39d3b733c226,0.07075256552662347
ck_49969a9abc47cb69,0.04064984102558449
ck_d3f44bbe2f7e9b2d,0.026760818325385856
ck_fcf5b8216d0c18ef,0.0015953688457237525
ck_daefe1e2d2bc362d,0.0010499184965282464
ck_9c9287cb28950eb6,0.01209536564276772
ck_c1d1a625b885a975,0.024923286510802212
ck_71b37fe47490b4ba,0.002457451152029277
ck_5d16e257c0635f7e,0.27147219332472267
ck_15918075563eb074,0.0014192194681839775
ck_9a15fdefc47e8d11,0.013797375419868438
ck_6f04d047d1dde75e,0.00047499335204424385
ck_1af2c0b3b8d202c1,0.0028057518668755613
ck_174be2231c5fd2b6,0.0008101961829857898
ck_bb0713a2a1d65982,0.017886918027012696
ck_0daec63bd5b0729d,0.015195786271431175
ck_c0b5cc3e8ad2ff44,0.027994259204968532
ck_35bee1fc12664644,0.09333316241081845
ck_a1c7cf63467df4c2,0.0015452717664464271
ck_ecb1e15f0b185ceb,0.0493256539919766
ck_f280d31f54a4710a,0.03179823986506286
ck_30f4b2ee8abe1342,0.061677500618777636
ck_66bed631354de5b7,0.00405949406625531
ck_c2d3ecd7278eba2c,0.0009480451296028199
ck_e901dec0e09eccbb,0.001972896178869497
ck_5d038ecb3c8748a3,0.0067638739723799
ck_283c5bea94b21e80,0.0031369562561937817
ck_7956c251b85f009e,0.8240899630724445
ck_9f5f81d771146aa1,0.000373449223526236
ck_9323e6fc1e168eda,0.5419765290510553
ck_10495d3a635b8d69,0.05925717407649224
ck_1982d571cd36eb0c,0.005859808592672559
ck_4f5d7985bcc2eda4,0.0032880021958387982
ck_7df526b2b4410bb4,0.03891334828966654
ck_dbb498b1a346a402,0.0008284714912761318
ck_ef059997563e3330,0.00451959664362959
ck_02ec4e06709e6b82,0.0013692592516867737
ck_9782c86ba6485f88,0.0002500889103392385
ck_d69de468b44143ca,0.00541972431533704
ck_6430a8792f400e0a,0.0014756548611128762
ck_8285bd3c90af94f6,0.036695753202809746
ck_985c9ca112000e9a,0.024856144038698257
ck_e679fbf4f4f4aa07,0.0018406003274532912
ck_016e8c8eaf9d511b,0.02134409849631686
ck_bc996c523944644b,0.01607083874795001
ck_5b8315726f6204e0,0.01475091729917085
ck_78181f8e998e442f,0.0009416440859282456
ck_71c68dfd011dbbbe,0.7440426348102828
ck_db32c95ce2b6f502,0.940278906640984
ck_755010362a9b1bc4,0.0011562152528723614
ck_114141d85256c9ff,0.00029551124933054426
ck_9d1a5cf5a3b87e48,0.010109480810820705
ck_ab640420858ab5c4,0.09635031985635632
ck_97a8dac48dd62488,0.104223418308919
ck_879cc3166fe1bada,0.0011816556745112615
ck_b0ed11080076e381,0.0023709962849407782
ck_7334a9ec656263b2,0.0028485873768038733
ck_6494f0ef13ce44d9,0.006930974719757397
ck_724e459b9ece38f4,0.03616887552464951
ck_7fd8b1470401695f,0.47747268706593105
ck_292f81186358b0fa,0.012151040857998095
ck_fa7de64d37287615,0.01564598200868538
ck_d00e09e66ed6458b,0.08580581022180304
ck_b8d210e741be186e,0.002866188571674645
ck_3db59982cbae4410,0.025214248394445343
ck_69887d0a9aaca6df,0.00224082042749555
ck_4feb21e2fb0b3977,0.00266321360545982
ck_08c6cc1e143475e3,0.0019157784778925462
ck_fe6e168cdbb46b9a,0.11476535299949275
ck_07f1734be7fac56a,0.03613442951120343
ck_d66d59981307db93,0.0430031065066921
ck_f928dba0d587d7c1,0.002399353744395486
ck_786448fe3004cbd0,0.0015905122803929013
ck_29ea329fa40ace62,0.013656869684483744
ck_7ea52b6f27edcb73,0.024035114590973315
ck_18bc51bbf3ef198e,0.023819108952909767
ck_44950df09ff14ded,0.0008770687850391302
ck_c1466b52c0a10b93,0.02684347152867484
ck_6cdac067cc4db5c5,0.05959712164545844
ck_53f55c6e8cf2d432,0.001328183957111529
ck_95945f48453ca532,0.06311954925921323
ck_87cce4126e215153,0.008681850962268756
ck_1ecd5516c92caa4f,0.0005925712283244785
ck_819b482bca14c068,0.21127123305965548
ck_a61a879dd46fc9f2,0.005228357210379799
ck_af70aa32c009c3c9,0.017892972728239594
ck_f4fe78e249092ab1,0.02835220864523157
ck_12c46bc52bf45b36,0.02248751177712373
ck_f05f5e4b40afa52f,0.07593856904050776
ck_0f8cb09d3f4fc980,0.21808661825766967
ck_80a64a7f0275a71d,0.00862651654776481
ck_683af7b1540a0b22,0.031437106881403096
ck_51fe0b613c076cbe,0.004540641464444269
ck_da1a2450219dcf19,0.019746671333960925
ck_2a7eba01ceba6c2c,0.035573788293081506
ck_4e329e29dfa743ea,0.4061864655921363
ck_0274d881d6db82c8,0.0020911258016343428
ck_0af5b7d128035b35,0.011722971506480521
ck_ae0a7be6b0a0ea68,0.01830512715182213
ck_de5bb7a4d091386d,0.10074508339427397
ck_2bb7c17168a9d17d,0.0043284909469861604
ck_0ffdff7b2f5fdfe4,0.004634937562793241
ck_718a8390b3d42d7d,0.00561403220298848
ck_7c4f12d70f184533,0.0002698369516898304
ck_d3e2c26b8adff099,0.016803381568707636
ck_ac9d3d9754104cf0,0.0012032241483976246
ck_3b1766a1d51f8f0e,0.1582218171205086
ck_a9bf75bea912027b,0.03844454789703246
ck_687eab3ffe1f8cfa,0.020671941341509112
ck_25dd0b02af5b2f37,0.0631289310301279
ck_1747fcc466f0ae38,0.0006569549121768553
ck_f6e9d14dfb6f3c28,0.033719592500733794
ck_c6a7bbd0adc4d5f3,0.03841022304412735
ck_46656a23f4456d22,0.5667770360027279
ck_7519260415c2998e,0.017087910363548037
ck_754f30ea19df857c,0.01943658764151016
ck_ba88a244d5f7380f,0.007042720210331041
ck_f268416945316815,0.0064842493624578225
ck_21860dd2159dff28,0.0012185298799459415
ck_7a86ef4e2beaec38,0.0006736505070626588
ck_0414507baeea936a,0.014517087425396653
ck_60796eb60fc3043e,0.007902526927506705
ck_1e0841ed17fe0562,0.009690639838736194
ck_0d641d32658d6e0f,0.0016356250507538238
ck_b36086ae6d87eec1,0.008614007810083391
ck_962e65ab33b5c311,0.9668927737220762
ck_b046a42684468e63,0.01566551401006714
ck_ab3426435b0017d6,0.018066133063104974
ck_fcfe06e44d09a344,0.013526874505163287
ck_0f6d916c92189516,0.01938830371542219
ck_d4c8f0d957c3965d,0.017314063738455555
ck_2ca83dbd728af019,0.0017116565507724465
ck_2857a4ce9f72fbfa,0.001629156179039282
ck_a60e6edc48e3d0ac,0.2770543672878804
ck_0cbd3b27063d4415,0.03150658066532634
ck_612089ec90c37219,0.007920547295737974
ck_ec4e597f17f473c6,0.0028327655388541953
ck_1c93cc58f314bf71,0.023070360573093536
ck_2b359a979520276e,0.0016973829457062285
ck_1496568ddc3b2d56,0.020488676611842272
ck_41d91dc9f5063566,0.010124062119247044
ck_4c5ff58afe3d7a67,0.0028936122489439317
ck_81709736281fa3eb,0.0012560465223004332
ck_d89abbab3d4957aa,0.006262480944779956
ck_52453401f88935da,0.01004623691759592
ck_a477654d34783e06,0.002082041678811987
ck_72dd0dbdf808cb00,0.019440080000035078
ck_c183dff3781746cb,0.08039495540851122
ck_c8b7f241810b45e5,0.0006810152820805961
ck_f88028c3f306bc70,0.02441153001542479
ck_91d48d69e4f5d9c2,0.003263279070056454
ck_b74b9ba6d7c9aab7,0.07269550262251133
ck_03e904682dc73bba,0.008601003580629558
ck_fc6fed6ea96a004a,0.014741252250831432
ck_51efdd240e34c642,0.03718192987917311
ck_e78ab4ff52b5fd2d,0.009997904862203274
ck_4af7b97c24d89a45,0.09514893256146778
ck_295c0072eca7f7a2,0.006548568566511052
ck_8abd1a50a9227463,0.006453336415241116
ck_ecaa6f13304e3dc5,0.00039302549392125884
ck_de436e7b319be1fa,0.9979149456609446
ck_c802cf8f61466027,0.0015814520075827466
ck_3d83e0a3c1cfbf8b,0.011413437315931979
ck_28d2003c2d16e4b6,0.000343664813425148
ck_8ddaf745bbb9cd62,0.0009082036608347166
ck_493b6256091014cd,0.04026954084879323
ck_a2245822cfea997d,0.0020935605832312107
ck_f7305b3c64cf8a03,0.019530493666258825
ck_9937dad93a0ed3c1,0.002819438166400425
ck_d654449f9231ad76,0.0064230810240961805
ck_850e2b59bc535490,0.03291353109759892
ck_e55e5bdfc0242aef,0.018906709427908317
ck_d35c51e981b98c5c,0.006370675565981046
ck_27cdf9c5e6f0915b,0.01528438975697612
ck_d328db1e1052d820,0.007399786158497046
ck_0ea30eff5f361cba,0.003310880755904244
ck_9994323f97109f4b,0.9760913427481911
ck_09054e97bdf9624e,0.00047815723123985707
ck_723b4afc388113c8,0.0020368275150362022
ck_588f6e6a6a6d93e8,0.013404872020879683
ck_e1d563fab4d6116a,0.0047717419485586
ck_53aca610e20598bc,0.0076581340558497125
ck_c8131ddc7ed33448,0.0040512129908908895
ck_899f88464305824a,0.03401151188102812
ck_1c17c65804f8889e,0.00651454956925555
ck_45a16ce12893cf9b,0.02034490756259799
ck_f9d481aa4f9b2808,0.7356360306544859
ck_1d5d74169cf892ef,0.02090827001334683
ck_aba32acb61c1aaca,0.03172184529995308
ck_ec4dd3675a8d28cc,0.009301985061637508
ck_5dcd443fe0bbdeac,0.002863122882284431
ck_3a47e3f54475e854,0.001513386602760061
ck_a9aa5c344c315532,0.011803834060240766
ck_9652283c9f61fcec,0.0007031486354478742
ck_752dd3d2487f78ea,0.006828591910330709
ck_a821980ac4db9943,0.510557613149231
ck_93e0d6befb67f7a1,0.04506872896823477
ck_e7a3881c3e36bd51,0.12002796980604616
ck_12631b78f8a03df2,0.0013089983031271222
ck_57b8226610b48854,0.005796490339707525
ck_352657008983fd4b,0.015967903078143532
ck_0841a5c24fd3dd28,0.018814156334705373
ck_db9b9d5d30f74070,0.036051258711805714
ck_a9dded7f6294e44f,0.05384085040706578
ck_91a16336ce3217dc,0.013417397683160479
ck_371bd9388b287677,0.0008054453972419489
ck_f285e5e1912a7c62,0.002609304541264474
ck_368b65fca69fc415,0.037070035018854273
ck_d27a73596b6500c2,0.01331390934413193
ck_2d963f9b2c4d11e1,0.059416309062085476
ck_7c500e219af39486,0.009223279490357547
ck_7d025dea5951cba7,0.003913155063748316
ck_32f632706608859e,0.005386472945114739
ck_53816231f3ffb48d,0.0020071322825835278
ck_9dbe184e81c1ca8d,0.09514378368714747
ck_d74123617f22a21e,0.003158679609081256
ck_275386782b1606f8,0.0015908749748069337
ck_0b0e79d33e50cba5,0.00427275421085626
ck_ba93cb604f792915,0.02521957974511436
ck_a86cd653472eccbc,0.009428265573721485
ck_87771861e0447210,0.042456803200171714
ck_212380e0371d8a6d,0.0073743644866906995
ck_ef0d702d7b0ed745,0.0007381351966472932
ck_2b8f33e22f939372,0.9351649843718206
ck_480347ad92037105,0.01841624696045183
ck_20124c3a16c53ce4,0.004445343993475564
ck_c9e1e3229baae708,0.016568684768131125
ck_b1befe967f7a5ebf,0.02593157599720135
ck_4672167d7c989bbf,0.10152411151281636
ck_f0c44ee5e3a42e3d,0.021687196222600326
ck_c416357d20238a4e,0.006405162234969607
ck_d0f470f8078c91df,0.006847929242618292
ck_3a70b4ee59084715,0.00696645542947356
ck_179ed66cdfc1ce27,0.0025501350536393614
ck_387e5a7f163c7837,0.01841927816797946
ck_08fb463e69f647c8,0.9959525086430954
ck_732f725747393ec8,0.017264430298660722
ck_7cc5e0fa3ca5a713,0.0015983852066730206
ck_ad4a4daa826ac68b,0.9126674002654989
ck_472e0be7a3b533bb,0.01752929522543982
ck_7190177963eafdd9,0.006224431521384232
ck_647ac26c5900f082,0.005183811634685013
ck_272ae2179bbd8e58,0.00590624914386479
ck_09b0d8af304646bd,0.0004102585151738277
ck_ca0cc8ea9f344408,0.004878944787524031
ck_332ad134fb909869,0.007344425384113744
ck_fca2798914627dc8,0.15436789401369214
ck_4450b55f462ae134,0.005457383646800034
ck_d67d9dfb60b286b9,0.0012216611497527289
ck_a9d2bb4f2bde7052,0.001968875019665411
ck_929bcae878a3ecb3,0.25093950879226073
ck_59a9e000fa275e1f,0.015188908679004624
ck_57f17254e2688637,0.019959921658291756
ck_0508908697f60ce3,0.1250841649591799
ck_946afc2943298d26,0.0015809206403341759
ck_7176d12b18f2cc0e,0.014886120157470744
ck_5c47b49c26cce286,0.018576405303163714
ck_b6a2bdb2d335e1d0,0.996795079328435
ck_1d58f6caaa4d012c,0.010977097296906694
ck_71c917295020ccc7,0.008912182388099946
ck_bc89644ae3688995,0.015311840753328334
ck_e7c212f16d6df272,0.008539903625935085
ck_c6d2e11a368184e6,0.006029348646388307
ck_eed7f1f7548df15b,0.008240329433983944
ck_75b69034000ca7bb,0.031922183340750795
ck_38da3bf629458682,0.004910619871892354
ck_90114c891239d821,0.00033675608307063594
ck_8ee08f6777cc155b,0.020190363217092423
ck_bd86132499defcd0,0.009870168154713355
ck_b95fbf2b5640aa82,0.002618754493154437
ck_c530235393360e3b,0.011125188534751989
ck_be52a7ec43241ba4,0.04205726600540705
ck_d96eb3cc55f2772f,0.014758280988998614
ck_dd34f0a844fb115d,0.1566894372349942
ck_17cc7b411f448e66,0.060566426576982094
ck_856ea65fa27d06dd,0.053386162906320055
ck_056d5f0301c30902,0.04074104801173691
ck_e662b14b2bab23a2,0.11585730552253201
ck_209f574c8d92274e,0.008497782793987343
ck_62720b81617896cc,0.007628466393958284
ck_041614694b77e599,0.007618980369551314
ck_461e3f7b97db8d16,0.01983889786400112
ck_1b74b798eebeabdc,0.009769093792473548
ck_0ed2739384f1d644,0.009116043072970549
ck_5a4d19f1b83feeb8,0.000959168072318556
ck_463937167965a1f8,0.023572227838867747
ck_9d7151dbdf100e0e,0.026269507564942302
ck_20a7d1ce6cc27312,0.002752603337661219
ck_6031211ff118cf0f,0.0006302434714862752
ck_a6fc92aa91e99b77,0.9404653616498698
ck_0aaaa9d2f75a0518,0.028658637959037603
ck_ec26e327cc1848b2,0.005291126197009986
ck_0e6bebf8ae9b9b03,0.011007831167607963
ck_e107537a4cb738f4,0.002749577471755761
ck_e8ea56e122a5a487,0.010318672642827407
ck_98149ed45d38c4d3,0.03634796234556849
ck_0e719b3a6906b8f1,0.0002672461716407962
ck_0c6e7bd357e4a348,0.0005840121181840876
ck_d3b2b250da61db19,0.8923550323225778
ck_8bb6b0a292754576,0.08323217634717753
ck_87d70f5fe48a6128,0.03920497552580034
ck_ea9edf9c107d429f,0.02097507689693663
ck_059806c52cebe4f1,0.12630604540331375
ck_a72d6df666e1c21c,0.012831402258889476
ck_1d2b80ab6c4944b9,0.008450039764444852
ck_60557f077abc42ca,0.14433139032103817
ck_e5f5cb7dd6ce4a37,0.020622619947946036
ck_4c4a939154446053,0.001708007126421923
ck_50ede3eb561a202c,0.01201430521941511
ck_6d03a542922b2ae8,0.00940723895847669
ck_d6fe761ed0db3270,0.018831843581948605
ck_7f0cd6ea3096f985,0.0019215687239628545
ck_23edb6d938a3b87b,0.003272020241371467
ck_799aaf9f2b9ef621,0.00920405939196563
ck_f8f6a03613b6dda8,0.0021041242550103234
ck_7cffb189f4f514ec,0.9851088738507676
ck_c081e1967dcd811f,0.03370627396277198
ck_583d6ca78c97d91e,0.3350934399400546
ck_9332bbc7125219a7,0.008610491827916256
ck_956b5af6d7d86c65,0.7160498391957583
ck_2d634e3f24681c0f,0.022875048833497526
ck_7b35d218ed0c5a60,0.00694623295635183
ck_ca5b1057f8248f73,0.020829844377445814
ck_ec5ea81cf813597c,0.002621062775983094
ck_eaebaf4d28400fb8,0.025346801288383056
ck_ae2ab6be219219aa,0.0018809807689825107
ck_d99a8b4c820eb46b,0.0032304769095634193
ck_bcfb7ffb7cd428bd,0.009996743608039715
ck_3dd542c2d31be2c0,0.013646865444662877
ck_c7dd84401e29a7fc,0.0005750667386766826
ck_c4bcc7cefd40f8e2,0.0008694793202398273
ck_c251898b5d51e3b0,0.005858377208227421
ck_36d37be780c1291c,0.0012910383545592888
ck_99b4f266b61ae7ee,0.015275841013515718
ck_c37f03995f0f0169,0.00029187265009486546
ck_65a23ac8e44eb901,0.004114563414258413
ck_644b1c1149eea9e0,0.014055651584989226
ck_9cf44eb0237c2429,0.005299234612015426
ck_20541686a94fb71c,0.04285853856007893
ck_c18245be844680f3,0.00339461039765949
ck_56de216eda6b7fa6,0.00042557392636413286
ck_406c4442dee45cd1,0.0004936717447108785
ck_df1585c7d72a96e0,0.0031618024950788833
ck_b8e8dba20676d87b,0.023969630960509903
ck_0ee6965e68efc177,0.009250264097087842
ck_c2a5c54ad8d0d297,0.016331918413872725
ck_bf6fb7e6470e95cb,0.0007984997033297288
ck_27fa694569140345,0.0007268767584338245
ck_e04166b0ce66393a,0.005168001314366573
ck_8742114f4f0cb22c,0.20855819615100826
ck_6eceeafd56b42576,0.02773893236868139
ck_34f9951b0eca1965,0.020878500159103322
ck_384ccecd342a24ad,0.0005481112942928994
ck_49c98bebd1338879,0.0007928077511258526
ck_6c26c12071c91ff6,0.004478876633767132
ck_01e5986ebb9a78f1,0.029862754802058637
ck_121db7ba3be29ee8,0.012528323030873718
ck_039e6d5a330cea1a,0.06232804292634766
ck_ae8c9163cf957d7e,0.02122125117435013
ck_3f5e8f3f1df0c8c7,0.04318347793201528
ck_b1c51fdafcd80122,0.012992982425785237
ck_12e2b5ebfe8986b2,0.0034931479808437875
ck_d55eb81a4d543c59,0.011276533117196348
ck_f85155ca5c312c7b,0.013921155841829
ck_133d8a1ac7c0e301,0.9912047092826263
ck_04212a9bb9b28696,0.9982266118996449
ck_4cc11c7d3ca61f73,0.0032221297475958
ck_2df4854186ec515b,0.020330808711072554
ck_aa9b28e7fc43af79,0.4143621626932499
ck_47cad6c3def4c9e4,0.0006353805147500156
ck_fbff7b5da8111567,0.005882562130328055
ck_bd25ea782e375b22,0.02520890830557605
ck_7989376f8cf64a9d,0.011617128981691517
ck_675c0ca1ebb1051c,0.0045570546798173765
ck_1436f6e11d4008f9,0.00983529456774521
ck_812cb3a4482cc618,0.009927221014362187
ck_6e606f73a1094afd,0.00926298895890009
ck_1b708e2a4a0584dd,0.009353276147118762
ck_a60d6b324bae0330,0.005227750844059975
ck_706a4f673a9fda3b,0.6017910240177037
ck_a75ece9a9044eed0,0.004577143976823992
ck_9aa45c4e03c8c57a,0.012979427298791065
ck_9fe9bdce982b312c,0.024028776246660753
ck_c6fbdc5ba68a8466,0.01438741242453283
ck_ed0cc1b1c28f9511,0.06761944153272369
ck_a4e2607b4c8021e8,0.00027127061566189646
ck_e02f93f51cc8caf3,0.002890649055111173
ck_7084ed3cf20781b7,0.02267069589442196
ck_cd4c63155570d6ea,0.006083726116236677
ck_d1b9e5d32d2d789f,0.0042003822868126525
ck_68f56f6560a7a933,0.001223200301940854
ck_8bedacc6233c6269,0.02499430664784015
ck_ab7cb50407d6b13e,0.010898204911191275
ck_f17ed7e0fd687742,0.047761253314659184
ck_b0fe4b92fc70f72c,0.001373112969430968
ck_84d62b8196da2452,0.016082555137635103
ck_9e298cae167f4693,0.000760982976001042
ck_405b20ef9ad0ba5f,0.26488491233238637
ck_813e02e1ababd177,0.02197998122081716
ck_f234ab47061ba7c0,0.0008445197125764063
ck_22b587c18363899a,0.005081697877848751
ck_4e862c2f48c38aeb,0.0010331543858911744
ck_b89cb90a420c9075,0.015970777765327213
ck_be2251640f27a3c9,0.24086080911653068
ck_46bec0bff167ed3f,0.026031358508431402
ck_c0032232c2868328,0.0062737275896382295
ck_030cf09525dba4ba,0.0012281058308033256
ck_6ecf56236789fc09,0.9235727896985761
ck_38d4ed52cbe6d123,0.02530034824297368
ck_2d923d957ffd4d53,0.011668668917292853
ck_3af1eb88728ed8c7,0.018776616683685028
ck_2f8120ca80a1592c,0.0069438822542656495
ck_6cabb1a133f0b151,0.015586351824141136
ck_bb6cf7e7b707731d,0.8974968359764283
ck_c8307fecafa90140,0.010839483280221902
ck_75f968be67f46d24,0.013921943478939665
ck_df6fe4ec5a233213,0.0018716433661015565
ck_b53e88c0e927d896,0.0003209599252959438
ck_f0093064aa28f4d0,0.017377124484911088
ck_ec9976cabc63ff92,0.00347225344126758
ck_30dac0a58c5590cb,0.10145079195545958
ck_348a525791ae6475,0.04189529772992019
ck_b898d912d1181ef9,0.014965863789482494
ck_f5b1200dc6f95760,0.01372509082283098
ck_54978a073e7a0b1a,0.009911796965335992
ck_55933936536a4071,0.00910155329564415
ck_d6ba7ffd2ae08863,0.00967181363985771
ck_404e2217fd87fdd2,0.0016168731139159507
ck_dfaafdaefa5716b6,0.03415666116478552
ck_556c62e92d4e7e5b,0.09845602315885134
ck_7ce44f4e06d58111,0.15223953872182694
ck_465cb8ce232c7670,0.004004000969386092
ck_237508ca4fb37268,0.058574255021283016
ck_ba4a6b9aa63964ef,0.01947645157025925
ck_4802a0a7a1882c88,0.3377722405074191
ck_9478dfe4114c30f6,0.004397987408221523
ck_5138f6c575dec64c,0.006555518081748909
ck_aebb42afe430e2e9,0.0041385540785899445
ck_004efa95555437e9,0.0055942701966700025
ck_11af112667c98394,0.00803134312431761
ck_44e9a18a8645c9d3,0.0013334686753834143
ck_2605fd571219e28d,0.0004592494984143355
ck_dfc933493561d84f,0.0049922139314673725
ck_67674348e68d1f25,0.004447365367931803
ck_dd97429277a2fa00,0.0181820356651943
ck_d3eab7a06eb48348,0.02051171527521916
ck_0b9fcff9667ec05a,0.0057581809601797125
ck_fc4bfd6e739bddea,0.001592734835388864
ck_43292f70a03ddf2b,0.01187311176344658
ck_5ff6108056a3fef5,0.003992120487975437
ck_767e0be086b5f601,0.038305485814550684
ck_b8465b1a5666155b,0.0145580548796643
ck_ab2e3fc56f5b3aae,0.011944464922744188
ck_1833c81d693c1e07,0.9382317325007531
ck_0308e0602b856445,0.000979708029983459
ck_ccbdfe744acff8bb,0.006504741325262692
ck_b294aa27a0b586d7,0.002226229423348803
ck_a3747201f377626d,0.9818313689927147
ck_edde1d7d1db24725,0.0222189575051611
ck_ae3b47d6e1063704,0.0074135706284640486
ck_3aabf5e0f4defb41,0.011017344178880093
ck_f034adb57391f3d7,0.13030551352981798
ck_533672fb40531607,0.07717686805351594
ck_2a244f1ae08ef83c,0.012320472080429882
ck_a35d81bcc54ece2f,0.003407095323168574
ck_78a61215675b38f0,0.029043521912161537
ck_e013d88ea7939616,0.018105992985489157
ck_e5018f9418e0102e,0.05010357401688133
ck_d4e024fcda401a31,0.0027641360362011553
ck_f736cffbdb82db34,0.0003743352233934685
ck_1507f5aa50cdf3a0,0.009631749233777484
ck_18270fee7c8fcee8,0.0031472913302412068
ck_95ffa1a805a1c9d1,0.0020017346373688598
ck_11132d245b94d045,0.0044602285350745195
ck_7b93a622e40d8b14,0.03215754527839082
ck_3854c08d17704347,0.05363340504722603
ck_7717fcb100dc4b5f,0.01878831998189532
ck_ba54e0a1c328119b,0.5506420301381579
ck_a7afdac4ecbf2de4,0.7703238502820757
ck_ecfb771ed2352085,0.010794093748694736
ck_68be4fefc85a6b64,0.3322505579344203
ck_dac7c50bd6d0148f,0.0011595530534253813
ck_87cf36a03bd63c24,0.07349604649790803
ck_8adb40b168b59d7c,0.03614530447958169
ck_8d2f62930777416b,0.04331675988720686
ck_9958b58da9e3c21c,0.011639738477633863
ck_9440335375701f44,0.007846107638615547
ck_e2f88e202b6f700a,0.03257814633648414
ck_4c7c50684827a2cf,0.004352029121517812
ck_8a6ea4a79b1c7a8e,0.004850840750334491
ck_186dbff4b24a3bbf,0.0888057376634393
ck_220fda3c11c59b6c,0.07252749704324676
ck_3acccc69f8b1fd14,0.05201872367285565
ck_9de191bf79afd676,0.011375299470576306
ck_6de6b1663f9457f4,0.002334556466651766
ck_062754f8b79b86e5,0.0012676718965788426
ck_aa153a89a52f7eb5,0.021322380022094734
ck_34a6bd3be642f15c,0.006484177704763216
ck_9371c700d9830326,0.012563658199132466
ck_a99e0c258ad7576b,0.0050972604078062785
ck_0a7ba51d626e932a,0.01856118488068415
ck_852c50bbba1ead13,0.0388658198828385
ck_43dc13b6b6d31297,0.06979794240771538
ck_7d81b59d615a6649,0.05265156315618274
ck_39a3f1da060e88bf,0.01137159297306283
ck_6fb2d142c09ed3ed,0.022187222413366646
ck_6e5752b87324b58c,0.007663632691352881
ck_9441d48a12e8a4bf,0.07124282385116033
ck_09e9c51eb538b255,0.0044820534470966416
ck_8d0cd981ed3a183a,0.01479656760885516
ck_57c07c45269ca8c0,0.0032124605655366066
ck_ccfc9ab888ba933d,0.016904382085343096
ck_9658a6ef471053f0,0.003056954102560784
ck_dac3852758f4ea89,0.0014846326224777513
ck_b1ed2278f5f14d82,0.01452328909395506
ck_333544d173524f70,0.14062982361824564
ck_fd4582e3853ef23f,0.012199684960817142
ck_614d936cef98db04,0.001708518600896975
ck_6bc351a3d57aac54,0.0198919822376226
ck_af5842fa7202ff25,0.011163008536653255
ck_81307759252571be,0.01108755609214753
ck_b4d2f02d2cd45720,0.34505225403663276
ck_1bd753a4681946c8,0.9698553505179311
ck_46d8c029d46867b2,0.005088220105139367
ck_b7da6640fa2f49cf,0.14295688166458842
ck_9ea3d5a5a91fef9f,0.027501999220035662
ck_7b922518f667f76a,0.00035308274565567886
ck_2a5b31594206eb30,0.5923336873219932
ck_d9506476ad3f9e08,0.009150212519836871
ck_c8791f7ebd4d93c7,0.01317077850424561
ck_b5a3e20fd210017d,0.0071658695417577325
ck_8e54386f4fe22cad,0.008986629166185277
ck_75296704f5806f56,0.010437429582719248
ck_0fbbc7a6af300368,0.0021483364247732134
ck_d19bf4dc0627113d,0.0026660449342765314
ck_7951bd4eb99a0175,0.001509588954228213
ck_059e4fac6b7f704e,0.002686306552521
ck_2ce8931af02a2ce3,0.005727805662474728
ck_9e665618a4860306,0.0011092648963618157
ck_6fce5a893613fd2c,0.0002859166017635533
ck_9e3fbd04e3532f32,0.43152262932906105
ck_55f2ef0de3420e3e,0.03752948154189974
ck_8d87658a6f5d204c,0.563513571459078
ck_6d6ac1f5dd882aa5,0.0006238852706291521
ck_55d0c7012d7ef236,0.027900536680926936
ck_7738eb085e5753d6,0.002258113208075241
ck_0e6e05c3cc8c8242,0.006552856482250091
ck_8d27ff8383d48132,0.0017226265692380908
ck_9afc3bb849f3a64d,0.008235052349102101
ck_27eb86a9898cdfe3,0.001349124580051302
ck_1d40e4fc541abe93,0.23405923751127267
ck_4fd9dc00e1913587,0.9905867189405723
ck_b26cdb2b7b165d2e,0.04306241675505858
ck_a79a27767a02e31f,0.009283721303564287
ck_f0c18cb9f951a71e,0.01282666691031731
ck_50460e0189de6274,0.8260840516035909
ck_5e5280539257c986,0.007750501964530856
ck_eeb854318b3a6f0a,0.014094650704333174
ck_943f66f28dd24750,0.0003956924103519542
ck_984dd7452aee372d,0.07880421162936355
ck_ecaa6de0aca5e9a0,0.021868224519037742
ck_8f1cbc432e2774f8,0.03161434771120637
ck_d91d9f8445b9769a,0.4901782214552
ck_73c18e03e3c7612e,0.0018249915717266625
ck_aded05ada490da20,0.007912459078946592
ck_f744e208183971f8,0.0007269747631042779
ck_02d4cef6358ad3b7,0.0031165475679506387
ck_08ff5bd467226a5f,0.0004751678995126546
ck_f824b326d5089885,0.16748479082214549
ck_3420f2fd520890f3,0.012315976944920957
ck_1838cf8d00f5b1e1,0.006327948615459513
ck_a85182ad90b6f1e1,0.001000330923621903
ck_fecb39c82c43e76d,0.0024925881139631046
ck_162513e73782929f,0.007810494080701578
ck_2c27b77c59d8f23b,0.041228954927071626
ck_4221e07b17388fd3,0.06329247081939347
ck_adfb8472d5c3d669,0.01200372476609628
ck_0742fe64055d686f,0.0013781457450072728
ck_5060aefcc8b6f958,0.015618058451306184
ck_643f549b4ac78a26,0.21268468459951204
ck_dba767885bd6ad69,0.0019271641404160782
ck_0dda35c0c64c7073,0.9869493724216755
ck_38ea56d43afa5660,0.021302724044938447
ck_d813e15ac91f487c,0.19112853859727835
ck_4c840e5585a7b167,0.3067101306377517
ck_cb8551453a7bb929,0.007724860471616839
ck_05a00b1dd5a03359,0.0058362786487212645
ck_837cc7fd48453a01,0.008701509078306404
ck_49dd816b31fba6b6,0.45475037396856755
ck_86a61d9a39768e87,0.025033227189714506
ck_cd0e76f0e7bb38cc,0.024173391164680622
ck_dbe58392635133ca,0.015509090166229512
ck_3caec7dd6f8d02c9,0.04418161766865377
ck_bfd9bfc5b6ab4a54,0.06993123292429128
ck_2103399bdb2898a6,0.01061418568360926
ck_329f7de7279e74c5,0.0025857370036495224
ck_9bf0d28119fc42c8,0.03232757664653641
ck_f781539b1042dc83,0.0028715277794558267
ck_9986c7d781ac6b4e,0.015568131964017401
ck_a627734880aca848,0.0007609101756355711
ck_2106e509d77fdb4a,0.489879313140785
ck_420d1a9c604293ce,0.011670529731683327
ck_fce0610c527e2b56,0.039737823755433554
ck_073da541ec3f9d3d,0.015737546773759964
ck_aa5f3ab48c17fed8,0.14160895280095398
ck_0fc1086e1c9e04b6,0.007673409718591278
ck_5c33bb46c1a5945b,0.017747292167521245
ck_500948a8d4bd8e13,0.01010148886616654
ck_19becd44f2c3d2b5,0.0035347892192378683
ck_7d0fe77dd5ddb656,0.01643373742697408
ck_f158d9e5f101bb35,0.01907183282265676
ck_cdd7c77823c2257f,0.10359672577948448
ck_6c7b41374f9b2e55,0.0043516918220187035
ck_417090dbffb1a63c,0.027530915495132747
ck_dd0e17605f970319,0.00455953067085569
ck_3646515079e6be55,0.006548590894694537
ck_89c8b06aa8c84b2d,0.04935336525691525
ck_e4d6dedd97233c07,0.017184686080622194
ck_bc82fb1895fddde5,0.0037311581885407434
ck_88a8b1d442ca3686,0.028730842159915646
ck_5791f8f76a629a4f,0.08688026483193369
ck_9cf5e88e97c8c7ea,0.023325384678597887
ck_58fd684aa5a6f289,0.00021651586560239003
ck_9800c21dfbd8e811,0.0020967771983882904
ck_8ae64df60ab6ccda,0.029582095015087673
ck_e535fb0f0c00418d,0.04514368635627584
ck_48011996d54855ac,0.16391622362661645
ck_ac79c72a8fe3fdef,0.03479437869197233
ck_b8cc2df5192bc49b,0.015310889054284476
ck_e96a5e1f08f8a867,0.002730123609215696
ck_84df6770549e43fa,0.007307391135733301
ck_e5f7b99ba6ec5767,0.015920935655916554
ck_8347455ab53ff620,0.007880292890171227
ck_a84f2cdf695a71d6,0.004232374119108737
ck_90456160115f9ef4,0.0044241580219565035
ck_ebd178b3f3a9c50c,0.01358657271385518
ck_e1140be6157bacbe,0.0006745528654974013
ck_744ffc11d32b96bc,0.008129248542410287
ck_e12a9f7d027e3387,0.003999299060308359
ck_cbe525da0b69f18a,0.011106425213008789
ck_aa59702537557ff1,0.02012971138848976
ck_0348cc6908f7f3af,0.0005052133612275239
ck_120e995d50956bee,0.06511554570497533
ck_9fcde1ff46cbbea5,0.0004576762016113694
ck_54b0b070689c50d6,0.0007901726657491788
ck_966a167758fddfd4,0.04553073849840627
ck_d5194f2e92fd6427,0.003410042298222663
ck_2ee84f3fa27f2cb8,0.003029936639685314
ck_57d0a7eb7eae2eaf,0.12345498923125596
ck_6a2c4edd82e10969,0.0015685798497492528
ck_96e4d38ef670eaff,0.004289452816610177
ck_52cc2fd5095b169d,0.007386262611032787
ck_4b088920f3a844c1,0.04441141962986777
ck_8f3ccbd20d59f1f4,0.0024193682449842697
ck_e5e5dc431bed6f9d,0.010895168838450323
ck_e8b5bfa6838e28d1,0.0072656663628331685
ck_4bfeb78b47b7c6a1,0.06705615490076683
ck_a705c61bd679496f,0.009043169346730528
ck_731869a0c39cb2fe,0.024317552367212485
ck_259eb102342057ea,0.002779703704534952
ck_47a6005fabc33551,0.002358701155852247
ck_682262b455a9edd4,0.0006674803359199736
ck_e839d104854945f0,0.0007123454194178388
ck_761989aa4c47d746,0.019912476420571267
ck_44211dc210139ed3,0.016640797570457555
ck_9915ceedf63a5289,0.1434828717902695
ck_da59ab47cb6284ad,0.0013835043280681532
ck_e5cdbfcca2456652,0.0034659294986073503
ck_13f2560c6a1ec62f,0.015295133651309628
ck_a0543e9b3abe1001,0.014808363111287862
ck_11c7a58e09e6547b,0.023155625524425915
ck_69587a134d43a4ad,0.0368355034490949
ck_28dc0de0ae291f37,0.019121027061732958
ck_298922703c5bbe05,0.02670558473516866
ck_fa5ba9ed9ed6a343,0.03233776342617425
ck_c08e64d424e56c05,0.021243846521980195
ck_598e036a28262aeb,0.02650927241723428
ck_3f7c870510083a51,0.011697872637499593
ck_364f8203a3e98d36,0.6002457119151445
ck_7333cedb61506ead,0.006401570010839018
ck_1d96d7fd65f208b2,0.010252332110042749
ck_63133a79f23e2627,0.06927770382064939
ck_901d820e0b72abae,0.0008319266145695431
ck_5dd80b3c01457bd8,0.015731993805471085
ck_c0b8067c144ed6c1,0.005655033538555659
ck_cebb8aa8c8f62c60,0.003984040272973919
ck_79749eca42ff1f5f,0.008894111639246449
ck_2cc1d9b587f6da31,0.05284159557206431
ck_ccc7916b56d42195,0.0026199923970172743
ck_e43e53cc7b8b8e41,0.012313220437951584
ck_4ab74a6e7450416c,0.002949173170609338
ck_6e44024e9de301c6,0.0005825655057190743
ck_dd78cb6ae2866cc6,0.010775389065264802
ck_c363d3b050baf3b8,0.041834204608687635
ck_2d46291975f0dd08,0.0026937570782595193
ck_76ebeb5aee42f041,0.0320269918365502
ck_8395f004cf4d4c08,0.001396896774239626
ck_de7259c3741db179,0.02564604509199303
ck_3938e92585df2b34,0.01919242524902643
ck_af69bfcf4f07d932,0.003534999403507784
ck_1723900ab9afe374,0.08173625410026979
ck_3d58628d1c853c8a,0.0024460694341657723
ck_12a074db100481cf,0.045005751271329046
ck_8716cbf892c50e29,0.003239314562505492
ck_fbf7351958ad9615,0.014799886997148955
ck_a50370907e6b397c,0.07310071558050693
ck_937402a60df0821c,0.0004718594749931497
ck_8ce9c5807acbef48,0.004253997875109442
ck_acf7d65eaaa4c31c,0.004595868370520702
ck_ec3eb6dd0967cac5,0.02774946591650492
ck_fc832b0c90c9bdb9,0.8557589479513286
ck_8129e81cde280131,0.011077444004121017
ck_52c0ef68aa2fb8cf,0.013556056565200682
ck_06f042e9b1b662fd,0.02716325464057255
ck_0bf35dcf7b38f650,0.0006467490445435192
ck_615763afc2e17a7f,0.0007542004694879962
ck_e72db9d4b2fc9997,0.9962559785884674
ck_13757bf0eeb353e2,0.004376776314623664
ck_abaf371ec8249c4a,0.05227891207203873
ck_9b7167da0920c37b,0.04904969403165512
ck_2e824b0b27494a17,0.02736760409993365
ck_9a0b605e9c3220c4,0.02475490310958361
ck_a5276af466b681de,0.0010231216176770264
ck_9e0383e1fb6e214d,0.05771434432754006
ck_6a27c44b691dbfac,0.0020679399313630878
ck_af39767cf583905b,0.004404603193500634
ck_243b1b9fdd3f9a74,0.0011209573191782688
ck_c0422e638a9c6046,0.02635303113510498
ck_e0f3ea3373dfc4aa,0.01245687855001206
ck_d56ee1654378ffc7,0.02387111141279877
ck_20cd2f5666719baa,0.0007945090525066258
ck_4dfa1c1e9b69fcc8,0.006953558176690929
ck_5d22e9ca1d15180b,0.7718336748406772
ck_f4a7ac178fd55f0e,0.004952718772301177
ck_fd5609bd23a1eaf8,0.0029833284798682787
ck_49c3bf13dc9471ce,0.020909281345994908
ck_724085c3452d4693,0.3999797762936659
ck_e5d1462846154a75,0.05265814694456207
ck_c69ef0f3e7d6acf9,0.033462585904896196
ck_a2d0417791d4132d,0.013926091772691697
ck_00a07fc2a9183c3a,0.0005994199054022408
ck_781b8288e54ba8f8,0.14189734500442797
ck_d74a62ab3804a81b,0.009495824146480638
ck_abcbde211b6267f8,0.04632087612374092
ck_16dbafc035574654,0.002668916052142065
ck_018f780215ecaf38,0.0034509696904767495
ck_0b259620eac51618,0.005188379582828777
ck_4f875342394c110f,0.05077681034493459
ck_399e45e5fe9beaee,0.012989781650623375
ck_36224a2d394ebfe4,0.11742442284575658
ck_c189b551bd111332,0.0002685009058137123
ck_125c5a720ecb177a,0.13036521649614313
ck_76d010aa02eb477a,0.0005363440634494521
ck_1071d14c46c92379,0.4588140923965165
ck_61d244b2cde483af,0.013889046467944532
ck_2ff1860da2004c84,0.0015206674625536385
ck_c5b583490198672d,0.013914405544985109
ck_1294f7af22fade11,0.07322821702638845
ck_e3a22799716df39d,0.004506231947893012
ck_c77e22834ef97005,0.4257723135291534
ck_73d3689728270a2b,0.001737547740376091
ck_295565fbf77ef885,0.001980323068060352
ck_80c0a7f54ff4895d,0.0014118768343230827
ck_f1ef5cf7f10b16c8,0.01312075980617286
ck_a958b2461ffc21a2,0.06681423230115172
ck_0e7899a57cd617d6,0.001000376868965191
ck_9d4fed252718f58a,0.042913937658354925
ck_83c2c34add971d76,0.0014485946560802959
ck_9ccc030ba2de9fb2,0.01865230782612429
ck_cd691e3466fb3742,0.004179724956911157
ck_49df70f908dfd069,0.0245758320296721
ck_362ce13eec1e33a0,0.006844248868224929
ck_2452a30397dfc54c,0.01245893795535376
ck_a443d49c2b4863b0,0.013403687740536694
ck_c8b2e2cb349dd0ff,0.011165180305682322
ck_354909fecf5da8cf,0.016626064348237126
ck_841f598bbd54c83f,0.01583558588399991
ck_cd6fbd4e8724f994,0.021781897809698855
ck_e0b3158111370118,0.00744394344976315
ck_4c2f2eb657c2c60e,0.003513119974533795
ck_ef346071f0b7654b,0.007024697836715693
ck_f3bc10e3decefce4,0.0011156074626453157
ck_189b6fbe9b9192e7,0.008378577717862141
ck_5245cbc5ff4d4fa6,0.01029824617759455
ck_cb42e3be6fe87f60,0.003974217871379045
ck_966d4d713cbc7792,0.0015189031088055482
ck_1c8c969667cbaab2,0.8064614090361145
ck_d35e3aa9ef5d405e,0.1435046639986832
ck_a1c39df50a5873b3,0.027172404194500028
ck_a152165caf295b51,0.012921988676807532
ck_891eaedae139828e,0.004764008817695718
ck_1a46b56f4734d52e,0.011355342679795443
ck_5e36042cfad96c99,0.13870485434932664
ck_02a8582c2603e675,0.013617073908376697
ck_6def9d0429e4ed4b,0.04614629584332603
ck_e137400825a1e3e6,0.00963322892705571
ck_d91ab840848a54fc,0.00039318161434143573
ck_becb6e1c608e0078,0.001119766435033827
ck_6fd8c86ac719d7eb,0.14337751679098099
ck_3ed4d13f12fd9d0e,0.06781444800878134
ck_007337aa99a4891e,0.0003216448749333335
ck_60c3d8306527a08d,0.0005579059783575291
ck_95458880a54df0b1,0.0997531424006696
ck_b48cd8593533fc1d,0.6644819849314236
ck_021c6a4a7e3f1f0e,0.0028133646517658362
ck_764d40f865e710af,0.014308318185908296
ck_4b84357ae8ec7777,0.007788639105783962
ck_3397c7856b4669a5,0.0009661645086394162
ck_920bb003b42e6310,0.0013660879043834574
ck_8f59f11b512d5b7c,0.024467478870403875
ck_a3acf4b986afa98b,0.0694963838534324
ck_e89d25ed7bdeeaea,0.004864813676535874
ck_70e6bca473bf6902,0.001888959280435014
ck_186161ce152836f5,0.0066152379161551565
ck_9191579254663f5d,0.002193946851872592
ck_1e6628879e9d653c,0.011331242192957044
ck_b498fa91a0776ff6,0.016390635981352517
ck_cfc2384f22954830,0.03257180932295805
ck_17673a1c2867888a,0.0005439533710042252
ck_523dce06515b072d,0.009459632615892152
ck_c20638a325ead2e4,0.0010181792879208442
ck_d3877e1f907cc148,0.020410798148413043
ck_e9a2495dea8675e2,0.012774460614464191
ck_7e561caa5fa1f3f1,0.04015419939201717
ck_455672e652fe1abc,0.7657697473572949
ck_7f8f864fcc90ca82,0.022812748658283786
ck_1ad36046aaeb816c,0.0075344984961751805
ck_de056e37c82e8e00,0.009104229080944395
ck_7484c214c889fe7f,0.024743924161703224
ck_32430e678c4f9f53,0.005190398838197109
ck_6276ece8f80ea799,0.024760239946124963
ck_ae8e5dc4b725bc25,0.017054544006790066
ck_f01be92dc78a2dc7,0.010791779682246247
ck_233397a8bd40d38d,0.0016792177572805234
ck_f8124911450fdf31,0.7216753266035123
ck_aa0a3179f1111674,0.0023078376781860465
ck_2366b29ed9887a5e,0.0007046927093910535
ck_1f22f04dfc08cf27,0.00279978459599193
ck_b62276c3426d680c,0.03630376296191285
ck_d099fca88691f66f,0.05342227186417867
ck_166bd1dcbaf4d6fa,0.00045953743925804903
ck_7b1660e942436e12,0.018707354990383878
ck_4a9a791a1d409a3d,0.03717002803142274
ck_b003e5b54df65db4,0.0077920808834159305
ck_64b4dcbf436f0b75,0.009376163593623215
ck_26e9a7bb2061a58e,0.026430284818089907
ck_08b77ad5f8f73007,0.013177127473698886
ck_366616a725afc6bd,0.017505053742339977
ck_934fb5064b6eefe2,0.0008348631106612201
ck_c6abd5d57b1009d2,0.0010743431918163943
ck_edcfa9e1cf29d813,0.011437567286564488
ck_c30201ebd003fdc7,0.0050216794532850495
ck_c54643d94d3ce355,0.04016894691795006
ck_02adda6e91e49650,0.024667264245296087
ck_5b73d7c5255e58a3,0.1296911116659364
ck_129ffae92dc01408,0.0008149502831152754
ck_fa321945ebedb916,0.046366032550334633
ck_8da980cb2e1e2bfb,0.0065541075883873345
ck_0576b00d728bdf19,0.041218717167766705
ck_c543d82e22b3c8a5,0.0021293281912690147
ck_0027ba644f9ae2cd,0.15728141577227303
ck_8dbf61df902a6bbc,0.0037800630660403244
ck_90eeca1cda79fd41,0.0007037220181155811
ck_86d7127391d4e01f,0.0008231261592103893
ck_73762038c7ff2f6f,0.0018507338048212203
ck_a1484e6215fac651,0.6262743740520644
ck_cb83b9f806e90dc6,0.23687733320729096
ck_8c6f059c95872126,0.002198838598167641
ck_3174419a81e7caf2,0.0023812321641902283
ck_6a0f8f8fa4a3c2bc,0.0404258635528877
ck_b5777605668bfca1,0.0006034295611438796
ck_27e4de495abb4d15,0.009433705697382527
ck_7f6fa79c7a107161,0.009323606554042229
ck_c36ed9f8e6792ea4,0.016515695416908567
ck_67a1aa88d2ea554a,0.03499672541441165
ck_09748dfe4df3d540,0.0013449394904460953
ck_27fd85b1e38b675a,0.0010315584003045628
ck_2369689bd795ee10,0.005727915674145167
ck_4eb1c12f7d092bac,0.0003347329793836728
ck_01fbafc42c8e33f5,0.005853682699292861
ck_93c4e05699b3b7d0,0.004205730059130442
ck_afc484d1b6907983,0.002133446800681624
ck_1b2d9cae92a1aab1,0.08530605077400047
ck_73b729cb161487f2,0.00850226286565529
ck_fe3c1d0ac090d960,0.31682336348720563
ck_408efac1d3885ff8,0.07337641242990298
ck_ccb4dd9d0a48a76e,0.0018589841148899885
ck_2987eab34ca7805d,0.017687029219957007
ck_1dbf1f15193197db,0.03920998584103118
ck_4ed711fe4053e74d,0.12382838043809467
ck_6c54adce174f45f4,0.0023349776322836805
ck_a6c740041faf0bd5,0.0030533438838094493
ck_b05c4d33c4f43639,0.02321646008395483
ck_032880f1114dd51c,0.01880549137005389
ck_22311b037456a76e,0.0003140507657060582
ck_5866b413549765bf,0.006419643019522993
ck_0e808afe2570ecac,0.007968896065489655
ck_634276b05f4381f8,0.0020698051202497104
ck_5d8773badd0d4740,0.03342036401984566
ck_82b5b79ce3517102,0.8500465553370506
ck_b378b8d8100ee4b1,0.017356091802495238
ck_54e581f71be5430d,0.0012846709184843581
ck_798ba4b8aa544fea,0.0020648766841334055
ck_3fe86b6331ff95e3,0.07991658662079937
ck_81275d9d4c559e6f,0.0054855798471682695
ck_99a4e5ef02d89493,0.03447312772421495
ck_54e2eb018d947790,0.005254724060959474
ck_966901ea9c77cc02,0.004905709615493291
ck_27d69ff4e0cb428c,0.15880388328351316
ck_2cee2dd7bbfc09a0,0.8010390780574604
ck_4136b00924695ab4,0.0001955728987725296
ck_59a164c40c03a45f,0.0037139980619739807
ck_3e24b026bc66789b,0.00011031969600610826
ck_8105bcf69a75ee47,0.0042982796468896975
ck_7a1782cefe26a456,0.022322610174568325
ck_970c7dc195161272,0.00030848173459953625
ck_a48ec0c00ae20e82,0.03621718860545682
ck_54b374ade34e1dc1,0.0031110149113386097
ck_74e5dec189761d14,0.0014434440944429297
ck_4717f24f2c6f40e1,0.05685301681069562
ck_fc8cd8a8209e802d,0.012340845675418226
ck_71db4131d7efe218,0.0025565968777041866
ck_45424ea6f0bc4650,0.06603509751085926
ck_3716c6181a5035bc,0.01134377595393465
ck_26de14b96bdad4f6,0.005030966544691277
ck_99c0a41ac9c73857,0.0013583533339120238
ck_645f15bbbcff3b4f,0.991148690164761
ck_b7e25ddd41514d4c,0.0009802927401059611
ck_d5c14e877ca7b755,0.0029946337189326643
ck_05ea4440dac6cfad,0.018114138692750237
ck_c58bafff7b1955cc,0.01500781768466411
ck_f0cf85b67a9b840f,0.020745753672433923
ck_ce1500a7f0d03fba,0.0013638422617151403
ck_d4972a775aadbbc8,0.008554089814905096
ck_3eb6146c262e0fc3,0.0007354846481522646
ck_afb23858a4ef42ed,0.9888304994632025
ck_2c1def5c91c52a5b,0.28106226427282943
ck_72e550559487b919,0.0031104254799076956
ck_0284dc2b4f856b3a,0.2862180333160982
ck_03be334935e999a2,0.003996052705547594
ck_e35a4b4a3cb4cedf,0.01815442762698161
ck_5abe57dfff4b735c,0.013429567029359447
ck_f5f87f772388efa0,0.025629293768396667
ck_5a22cb36d612236e,0.004124983154793526
ck_8ff1e6028e764472,0.9840929871009544
ck_2ab28149b0986642,0.02074288283573092
ck_c88fc1bac79fa6d3,0.052898097174595204
ck_5b137d74bba6b1b4,0.0013777273345579467
ck_11f362dca2dfaf5a,0.02467478154267411
ck_7f960541e5174565,0.002186506520270025
ck_d5458ba39ae94498,0.02186419584327494
ck_0a921a73a90c2e39,0.04075791433212404
ck_6ad56ef40086dbe4,0.004314299689333145
ck_b68199ecccf2350c,0.0004114597545972954
ck_6dac66c8198c07d8,0.004612085411246387
ck_9b9ce7bebc235fe8,0.0007208139251434617
ck_6b817117d87063a8,0.008447748606666177
ck_900d62b3184378c7,0.0023323363139395336
ck_eafe9b89857149b5,0.006191521653969453
ck_e74716a525ee5b24,0.001357639444805951
ck_4e9a6f06ab134102,0.010324479120954338
ck_b0d33b5a3716661d,0.006639535374030723
ck_8703543bf3134306,0.020548384484918764
ck_923d6a0f83accef1,0.0038024149600971013
ck_52e37e2170532e2a,0.3652128429500597
ck_c1c5ea839c58958a,0.023139662117773754
ck_660f0006780e87e7,0.009491329038938394
ck_830b2c5d1818ac07,0.026746838870758006
ck_b080ff636932d1f1,0.00037662032590224246
ck_38730aace405f2ae,0.9981067326271491
ck_9790138467a06223,0.00041958945436481904
ck_10de0b0d86b17839,0.004217159653480633
ck_c3e37a4d3382c32e,0.0005152635069856946
ck_dd8edfefa1eba531,0.0007878067227555682
ck_8153cdadd300d234,0.000498279405469956
ck_74d0e7c2c6b63d36,0.9186421246703914
ck_c478aae3031bb328,0.0034577411545266955
ck_cf301f2194975866,0.011976229543537564
ck_f4de03f44e3a5bd5,0.004288617262350052
ck_b06ce826e593b210,0.03668093006171013
ck_2fc70b6baf6a0e26,0.004103971133135719
ck_d208494cf5c90047,0.043581378537545054
ck_086d29ccae565e5d,0.001687173298048973
ck_d5ef6dc116dee408,0.01080810882258418
ck_fdf0c5b722d83464,0.007730400888648065
ck_de8494b13adeffb5,0.004232949241248608
ck_556786868599143b,0.027619065340779174
ck_4940e78cbdcfecf3,0.009101836596807718
ck_d32fbbfe32c00416,0.00418386221565454
ck_bc7710f7e9fae649,0.007473543549315306
ck_416f7ac57da081a3,0.01123411253859565
ck_6fb39b60c67d5475,0.0010544363863529418
ck_e40a156511345d6a,0.0015190839936841504
ck_49ab879b5aa7fccd,0.1115191627588052
ck_bb643194d1cbc47c,0.9879071827984532
ck_b3ce8f1bcedfa043,0.0074158706293262
ck_558ebde8c29132a4,0.01588051171947863
ck_e6222925762273b8,0.10036677868302643
ck_bd80546b4807dd59,0.03837809563981021
ck_bd21164bd2bbb635,0.027627688760975946
ck_ea835557d7043667,0.0031123539930972893
ck_1411a80a157ff39c,0.01359200644330097
ck_ab973888c20c9120,0.09017701745752194
ck_95b48972061abe82,0.006231111957242219
ck_fc4a43f8876bf10f,0.11410999124485682
ck_f34fb7ccf82f41e5,0.006710376744054457
ck_5af9934a56801ac0,0.006652988345267989
ck_fc7445ec76389a58,0.47283283984215135
ck_1eeacc26f02fbba4,0.022287103928861175
ck_4f325dd15c9bd45c,0.0640206549916745
ck_5009a6c8bbaf15ba,0.0713176807048511
ck_0f3de7f074bb33af,0.005947764696607858
ck_2cbc2f93a32eede8,0.024178261629187306
ck_4bb90a61c21a303b,0.020513327780163865
ck_3ade9eac7d7b0dbf,0.16028666635255892
ck_4859a58629622915,0.03136166413750725
ck_5fed957287ebca03,0.0009594617615002878
ck_ec01ae5351500355,0.0009005822831332929
ck_703b41624ae6a5b6,0.0015648283908074945
ck_97c38e7f61c27e47,0.010840000452300293
ck_db2c0908150cb2cc,0.01909351469370739
ck_64ac5e6fed86ab60,0.9324169138259958
ck_da1c853b0a061e83,0.019647419667428966
ck_9a36916b60178ded,0.7450149456728652
ck_3715bfa7fed2c675,0.003188094944682482
ck_dd3feb77d7d4f6d3,0.001289470786020161
ck_982ebb24174a4ade,0.007423690947762611
ck_f6b7a10d47dd9a1f,0.010509620563967537
ck_1f56fe99f250cdf4,0.010372692922651975
ck_deb3ac0606d6f6db,0.020599271566244522
ck_e666629e5a41b39b,0.00389400661604335
ck_756d2c13d02b3e09,0.014596495456148783
ck_7bc752ae7cf5d55f,0.004219466375948188
ck_fc0cc4b25e6a8194,0.005894271604273443
ck_9b2b0e286de78a1b,0.016710870124843846
ck_24b0803447211bf3,0.02042745646969975
ck_82eed68d05a42128,0.026824925137754096
ck_c8a03c516ed5b05c,0.0553111583259969
ck_e914974cee1bccb1,0.013961513688607955
ck_0c533ff2d0f9962a,0.009024379297291059
ck_c12805fa5d970a83,0.05491320207610969
ck_fc2cb29918631f10,0.07239428094718468
ck_c20e89afe575549b,0.0008944471573619369
ck_e1ff9e31becc27ae,0.03452310391632003
ck_18116d0ac08f1996,0.9457330199683369
ck_885a83975cea5e64,0.0022915663964293144
ck_a0c3059a959ba5d1,0.03167673966266656
ck_75257ca7d7da2861,0.022332475959045413
ck_2210f7a0d13bdbef,0.014959939000425934
ck_9cbd9ecf8374f65f,0.0038067688537644384
ck_18f67c00ba21fbde,0.004295458513129163
ck_2d28f14d3973d8fb,0.00042291720947030116
ck_8b3401b44aaae728,0.0043811457499669465
ck_9d8e9ef37797d3af,0.5015621087360849
ck_9f50920c894f64e1,0.006438511066314782
ck_4737e0d56c6fa0a1,0.007859151183067199
ck_52c311f29ca3aca9,0.0002326215014153265
ck_6a4981bc721df37a,0.015820698670598318
ck_823539d936c55fc6,0.0008618106105615152
ck_df5aedb4118020bf,0.9688034026852451
ck_a911a066ff0f7b56,0.04075385043478935
ck_684609767df4a14b,0.11232063263709952
ck_f2350bf355dc919e,0.005638466745350538
ck_8452b6cf97c65a5e,0.004535557319324542
ck_084cd84501012218,0.5016901484940052
ck_ace6b72e5bf3e93b,0.16721799800950932
ck_2afdd69094c955c5,0.02093772939168551
ck_fa7d5be26bf7b31c,0.15911410604475107
ck_4b041217690fca2f,0.013987935120093829
ck_9fb8e3d38cdf276d,0.9253519167389793
ck_c1ee56d65a42f59f,0.026749320610020253
ck_fdeaa1cd085691f0,0.034587752354896334
ck_5de33a7a87e9aa62,0.017728145867389116
ck_7476e7fe1ff45545,0.0349977280796376
ck_b0a947b498e47018,0.01870490284465963
ck_e3894ed88a7977e4,0.0013945538857759502
ck_c7e07ebfb0bc15f6,0.031564931997409916
ck_3a3daa8b376f2a18,0.0005333014816596101
ck_87809324c2675b0a,0.011219754838483864
ck_7eb4f33260f1dcd4,0.013357291051940706
ck_ab9f0e08af030060,0.02454981116945437
ck_5b8fc4a76f340797,0.06703040276751103
ck_0e7bf10ef49aa818,0.032813694324666555
ck_a44462a3853ac67e,0.9919163939215381
ck_2d14bcd2e0fc043d,0.0014118454782379752
ck_df1f2dba802296be,0.9162222742044658
ck_466a7316eaf149b1,0.003616318152938666
ck_50df50af592b0c06,0.013435266981247513
ck_5f9e34c849704b95,0.0025480415860721244
ck_7836bf6def26aa87,0.00908387605279135
ck_ba175b1bd8efaabf,0.004970255399697629
ck_1a0aac7f7b94b1be,0.10375890258394734
ck_6768c4b2aa8ce586,0.006962882179228792
ck_eefcf0ed15897898,0.008159922972546769
ck_7a6cb27e390b6ceb,0.0075993387944674464
ck_5275be4e1577c1c7,0.002116469463165344
ck_6bc0e5b8c0b7d2bd,0.05692246930445059
ck_4874bdec79f9106c,0.017254889668783132
ck_a678731156ad7bd2,0.2431420997420696
ck_db906debc36a5d1e,0.03850369382624357
ck_e87897767c612942,0.013600414404310793
ck_45ed5ee496ef8a67,0.006913707568714722
ck_ae20e28f9854f3ee,0.017812186915606584
ck_9ee044b73943a90b,0.012469026975921426
ck_dab34cf6f0626c9b,0.022625018265481227
ck_64a02b7b96149810,0.0012962217865347314
ck_c417d06f3e94685d,0.002953911303624523
ck_3e0149cdee4cb294,0.01042643610965057
ck_0e6046fc30f81705,0.012108616571801643
ck_c383aeabd53e9c89,0.024764945761958045
ck_2ef76f1f36e8b869,0.147236461124254
ck_43948784650bb9ac,0.014106180447105723
ck_bdb966f43ac350ee,0.0489846627217992
ck_5bea0e0ee0b094cd,0.006580317996160752
ck_dff090f03ca5529e,0.005235247449477242
ck_a4691b57f837d88e,0.008820951646160478
ck_99ee90946395d74d,0.6910439956884712
ck_cc81dbc83a8879fd,0.003550297784819086
ck_f3dc0725621b3a35,0.0009390907742107431
ck_1bb212d1288b9689,0.024242082176287007
ck_9e7278fc7679f002,0.028939178596545843
ck_3ded7a8720d7e311,0.004839975402599812
ck_798157bcdb9453e1,0.0022855732879980733
ck_9fba80f56f357fe1,0.002126702973773799
ck_f1e1c8491f16f912,0.002472300995000831
ck_7b1319a5ca2f63c6,0.9891952286754755
ck_124432fd5c92af7e,0.7137527715907834
ck_148cb0c723284dc0,0.0073735648814276305
ck_b56c62c950eda009,0.003995965756273241
ck_a0498755cd8d7188,0.00046737299031461007
ck_5379452a9d74efae,0.0009176976937278933
ck_6c2453229d608183,0.012444816274937157
ck_f9d8b4813a88c1e6,0.006188606379119953
ck_c2c7d1e45a521857,0.03850117004816466
ck_4364a83a11743888,0.0025891079383530483
ck_2cdf5fd97ba75e06,0.05879232690029942
ck_71bc01291e0533a0,0.014524510115324433
ck_a725d7aed2a0bdc2,0.0010373841294081363
ck_a9b0c4dbd7db6a91,0.01663654285298026
ck_a4258806a533efa9,0.008555538124147086
ck_905e460591d9a278,0.06185614810869764
ck_20de8abfd8960ee3,0.020008223434062573
ck_252b0a0f1119b220,0.0008782832497558147
ck_95e4bef65c36af1a,0.000346584729741232
ck_5ab68b434ad53fea,0.0029863409454744952
ck_13677a1957078827,0.001044868230403009
ck_d251e9fa09e542dd,0.9981884438108448
ck_700cb620f300dd47,0.0071028738792375465
ck_39a68c55a1bd3ace,0.16505608078116163
ck_61a59a7944d6c53e,0.11680707975406468
ck_db6d1c6d31da967a,0.0019419259551777303
ck_650020c500b1b50d,0.004138148210315587
ck_d812eb6930192793,0.0006814651154276188
ck_92f6ebc11ebca89b,0.013864019323377578
ck_d87e26eb5bc84b01,0.0005018076092863192
ck_66439e697695224c,0.0011210897663906118
ck_f21efd504faa654c,0.001639842381709301
ck_15eed0f5652f0352,0.0028806207352201746
ck_bcdbf57d98dc0d27,0.020921607069829134
ck_873ceb8004d3a9f7,0.02617821536880318
ck_70bef9ddd4bab005,0.0014002231282749646
ck_7560f1891d66f294,0.0002881052257371206
ck_f439f16f8693883f,0.019549141797972208
ck_14f9535e53f9c7a6,0.012339729329178678
ck_5984be472d2bc267,0.1945101029280015
ck_ed01be7504dc4187,0.03217349644276668
ck_dc3d8b5c17b67ae9,0.001962931255662931
ck_9dc23031b6b494af,0.035655465395438915
ck_fbdac0221bc03f66,0.003921280185689987
ck_863708a99b92ef0d,0.023925721809636168
ck_22b52654776a1ea8,0.8929504114176705
ck_a0714f98001efa0c,0.00905932067574007
ck_9c56114f84e9a541,0.005616968160076695
ck_e155cf506b2fb699,0.0006781834739953433
ck_65ed7e72f24731e7,0.00253223769741001
ck_822d6e8e43befc72,0.9196083725676035
ck_b1182471d9ac6b26,0.0010306699365086767
ck_821446adc95e6da5,0.0031321521948753372
ck_ff182f033134dbb8,0.023002982468443615
ck_9c5feef7647b0588,0.007119559470620477
ck_df935d8bdd44883e,0.0070342227640058635
ck_01eb24c18ad11fca,0.13311465707752282
ck_00d6730134a1eb51,0.00918492140483557
ck_79ba8e85678d0224,0.004526811485884861
ck_97e3b04a1350f6e4,0.019691435505549536
ck_74e9747954a46eaa,0.014610736450390488
ck_397d5fcc9972f909,0.05076578096867956
ck_9ede89e8a43c3f53,0.08295335141492755
ck_303b33910d67f306,0.004872845408255556
ck_3c17841636f6f7dc,0.011290913358156737
ck_78730527f8ba1438,0.16174138743215494
ck_5ee32bc6bb5d1d4c,0.07724080822873099
ck_a13fee8cd925d0dc,0.01298973736564818
ck_6f847263379f2e43,0.02047388819714133
ck_9b9d9e579e7b55b2,0.034821846130402935
ck_87c1d0a79e79c84b,0.015435714914086027
ck_bfc453eabb472f91,0.002125303350370306
ck_978c21bb5fe3171e,0.018601619830073267
ck_dd882323474431d4,0.047188539107726385
ck_533c4f7400d5ab22,0.2950582194005885
ck_5f217bfe28954e75,0.9901858278927935
ck_ae96d35465b3b4bd,0.011330737250971524
ck_512ebe97c0af94dd,0.10247907359530369
ck_f558fe02bb0219b8,0.009485703842485552
ck_84092e23d5ef4d51,0.03910649587754037
ck_17d3022ca12eacd7,0.008034645161351467
ck_8a8f81bf3558fd9c,0.005600595957036942
ck_0ada6fed1864e7c4,0.01530121555819396
ck_21fe7bc59dcd78fb,0.00425628917981162
ck_e136e20c1c74fe38,0.0051977962051835466
ck_e7a530e09d113dd7,0.6838670383474386
ck_7cb0c9ded4d63027,0.03144440491599052
ck_102db9615e722c9e,0.020214193958571543
ck_129e39ddfde92eeb,0.0010258059033839129
ck_d730ff21bfd7769d,0.004362838972771599
ck_54459b45d2be8459,0.0025135758176713305
ck_7f1c20319eb60aa6,0.9966387844960356
ck_939fede90473e412,0.0023517281478408402
ck_e0f9506a6d5f4a1a,0.0027851157982213873
ck_9a4967cdf49265cd,0.08278733559452829
ck_b9eaf03453ac7d5f,0.00405919965985152
ck_522477be6376b450,0.0038716420239894725
ck_9b6282e3bad50710,0.015528077485418264
ck_a0e3a2facd508e49,0.030912384737470624
ck_97ffae702f7c3d08,0.0008531764745069025
ck_344a95cb7115ec67,0.0044112542219844906
ck_1f2760764afa45e8,0.0008468222679109779
ck_720cd658d11ea428,0.02792076679635924
ck_04e32ee9834c088d,0.9466512438749374
ck_2bb1389e5e72c8f4,0.03619129254819724
ck_961e7dbc217cfbbc,0.002380271203624215
ck_f3bce4eccfa6d6bb,0.0025282045674228128
ck_e0ccfa0d689339be,0.00531925660507026
ck_98217aeafa0bfefd,0.023332416647817395
ck_a02aeec1914c158a,0.012522330422764535
ck_20a17e8f206a14c8,0.02302752584259794
ck_114c32aad4b6183f,0.06529827459181183
ck_79f5198f0decef20,0.0014133853828407284
ck_2209de229b4c71c5,0.007622137500561395
ck_6ee939b7f396975f,0.0075317525841241215
ck_202f0c14b07ace01,0.08381948697151491
ck_fa24db9d416ab904,0.003704408963633982
ck_cf6aa24b92c4d33c,0.2642887037279465
ck_45f57fb8194cefc8,0.005171584889276876
ck_d5eb179dc45394c6,0.019071660683360313
ck_efb24be983342f75,0.01627590247993809
ck_245f5d62ead5ef28,0.012488131694000593
ck_15fe2a47fa7e92ea,0.002502782071293839
ck_b6527a85fd682554,0.004911374669434637
ck_11f9390a11ce9ff5,0.0437204714705593
ck_ffb4d892c5158201,0.0006492791756396817
ck_d4c1da5a1427fd6a,0.017424660064965763
ck_2c041b1efb1c5063,0.007479516648893261
ck_ecc18f40b33be769,0.05644728444868307
ck_0525349f3945375b,0.052362696970685144
ck_0bfe62e0c7eab9c9,0.025501385657187476
ck_b7c37d410b1646c2,0.0278877727029441
ck_4b15b0746318cf42,0.06459465687703167
ck_e5ee006ecd8ff661,0.04237969544058342
ck_ccc83cf66365357b,0.024374717778784787
ck_34a33ffe8339f66d,0.9518230389326771
ck_4e39e3b165edab58,0.8765353171193363
ck_1a71f8081ae00190,0.9608739520889257
ck_ed8f1200fc049c40,0.9759083311170696
ck_8a5a57858e8c77f3,0.013123603801404142
ck_fff9fdc2adf5100b,0.9640852427526141
ck_c76f1bf40f3b787b,0.0003002373343408001
ck_1a6ddfeef82b1b1a,0.008028241464425202
ck_478d2667aa9896d9,0.005121516578277835
ck_641c8e7694b21f3b,0.010461077491175834
ck_293581d879f6663b,0.47826584094157004
ck_1bfa8abdb22be8f0,0.03819205111228154
ck_05ab5b03d0bf9ce4,0.4308227691207265
ck_35694db37f0cde7a,0.000945547304744296
ck_fe33eb743d714c03,0.008960597247258324
ck_abd10fbcbaf2b038,0.0033443669387809316
ck_46d51648c1bf80e5,0.1511301105028721
ck_5c8390017fabfaef,0.017212445467367336
ck_87d55ca333f22072,0.0008173455813179864
ck_c39c6a1453e2b92c,0.0002419692602358791
ck_69ff1b0aa143a168,0.00038369777962581856
ck_e57c79eaab35ded7,0.0033234746229359687
ck_463ae759e2b6ad1d,0.008786982888862269
ck_0dae4a7eb587f3ba,0.019207672616221843
ck_9b12fb56529ebc4e,0.022404328935460033
ck_1af547077ba2dd03,0.1562937906587381
ck_de13de941bebc7cf,0.0003606320924760663
ck_83dde7da2bf647ac,0.0002782169782999642
ck_c80a94d4660041fe,0.038217618117909774
ck_f39cfeb277ef6528,0.00029928193168939
ck_1cec1ed1512a2d3d,0.0005444654971706186
ck_7955a359b6448799,0.0005695864018076961
ck_8c0955dad13c3ca1,0.005795433242744458
ck_6d4cd2de601a2308,0.012443375047291625
ck_f4536ba8dd2d551d,0.009968831966460954
ck_b379c198d6db2d62,0.006655206288881687
ck_76ea90ebc74bcdc7,0.011401762446538585
ck_734f06bd4aa92781,0.01547047535093146
ck_677e1d0c14cbf569,0.0020981494214446315
ck_259271c70f3fbcbe,0.04808890346515506
ck_c0b744eb9e7d4eb7,0.011622543033169147
ck_3d41faeb96802f68,0.0011314702445497469
ck_8f604fa70fc3c8e3,0.006846967171131555
ck_0b3c3bea0e0ed339,0.007025999716540542
ck_be5df076b8a86409,0.0023623636504392013
ck_6a475fe324d7d790,0.02446290629183013
ck_3ba3fa5387bacee8,0.00031555880621756435
ck_324b9939d9c1c31e,0.0008870992516481067
ck_a7fcf7b592f68ca1,0.011246234859347398
ck_5b2728f7cca414ae,0.0003276859631750003
ck_5f4a25ffd0b85a47,0.014108464286388893
ck_63d4f5076fe4406e,0.0019013606622036035
ck_af528d66c86f0cb8,0.19594105631724557
ck_ac7cdb9b8da7b5dd,0.012904618370744279
ck_3bece63711407e25,0.023254275998797893
ck_d4e0b2a12fcfc35e,0.0018389538060233515
ck_ee3e7c9d3a9c74b4,0.03806739096251656
ck_50d7c4dab837bf66,0.006163195888939576
ck_ebcb93a2990fc914,0.07641822054798235
ck_2329cc9702cdf7a0,0.028558768197094814
ck_db1fa53d588bf99e,0.006233155483006781
ck_44e57a0bad5a0745,0.02363086676839147
ck_472c81a144f4631b,0.0014548190069296172
ck_1658429acd5306ba,0.009461692266295282
ck_466103ec5bd9444b,0.020125257782146112
ck_9757163e25262b74,0.031811487254603074
ck_34ed59bc2c9b0186,0.00876249425427672
ck_b7bd3a7f263f4f29,0.0282447280953195
ck_149662b09d632e41,0.010559176138779602
ck_a9ffd6b3957bd41e,0.002037276711687289
ck_ab80466ef615e85c,0.0010987443197833877
ck_f2c824d3473db24c,0.0046473384597600165
ck_a4a01fd45936b078,0.020169966885503196
ck_8f6ce158c2902877,0.0013072043109291552
ck_5189a302cfa7cefd,0.00021804355830002198
ck_430a3d03be588201,0.0030640103756149764
ck_b5f9dd00914b4db4,0.005058756263945679
ck_52dec82e9cf6135a,0.002290993265581441
ck_95e444a01e2ab4a5,0.010111263551338128
ck_e37cee7b123692af,0.015999939988129958
ck_d68d42858a55adff,0.06314532338385807
ck_3abfc010091d679d,0.02392667191999769
ck_cee4e4e1b62bf82f,0.02827243152201932
ck_9ccb17c35e636c5e,0.0019289376028742867
ck_f72a5a3b0d6c1177,0.002406588149267902
ck_7508aa554fae6afb,0.151748969529667
ck_003aa842b7ca1d77,0.2146175232123943
ck_83b2b192f41ee2bc,0.4220353451773124
ck_64796b6b2c3c7f06,0.017965147350239956
ck_6438ae81d43cb196,0.0031364512305957232
ck_2bd73d9098504760,0.09429352560588768
ck_aa8b9b36a099e4c8,0.018676618734535418
ck_e5ece47d0dd10526,0.022319966843510685
ck_16077ac345472e6a,0.0019563125509172736
ck_a4d6e152b0076964,0.004219315776296022
ck_d90b1d03ae151f62,0.02136260452912655
ck_18b36d342b530af4,0.01313264872852953
ck_2a01e610348b84f8,0.01741126488977732
ck_0a93ed76bf36c8b6,0.01356720138455349
ck_3d56b477fe2370b6,0.04898962006180775
ck_17ab3068fa303682,0.0025560680952693158
ck_592a3520d841d11b,0.024904479319717707
ck_84d07028b5fca2f6,0.03165809724807158
ck_f4a2bb10afa85743,0.0041670114639081185
ck_4fe4b072f03f2c1e,0.0017272020818461244
ck_9ad08fcc183ea1e7,0.0009070134027751685
ck_130d3848b9dcdb05,0.0035175993833923033
ck_bb399ed6bf28c230,0.03946993027813099
ck_a31a64a39a2c4941,0.002476296722987406
ck_c49f25dfb39909cf,0.041709525977088054
ck_55f50a9ae2db8ff7,0.002959228427222557
ck_09faa4e771cf876b,0.0070526125003519576
ck_df520a7a6e405889,0.024099741707281915
ck_8c8c98cc694ac900,0.0725124758997009
ck_7f0c4f609673ef62,0.014836908143139132
ck_f51fe59cd445d2cb,0.010587568493199032
ck_b3fb83f0d772a831,0.01160271264397288
ck_d6e7e257751c299b,0.00045925048915483325
ck_0d362ddb4a1cb6d4,0.014957056719275844
ck_a574a08edaf81781,0.007014865887795468
ck_a823f5bcb0e4b9df,0.0007908572733959162
ck_f792586ad0381eac,0.016900897130072944
ck_54bfd70022c66983,0.0017390833640717946
ck_fe0a9372c9372de9,0.0032462403326522092
ck_5691cd6fdb6d8147,0.011172636092048533
ck_a95f212a02433d23,0.0030888611865090283
ck_f5adad75e1c06731,0.08029244553196094
ck_e09c97520eb0533c,0.008879351818881364
ck_a1e13c0d58560340,0.0004801310225811871
ck_cacc2ca410cbe80b,0.018977110627967475
ck_c0dde2a6ef1e08c5,0.0009176588675204736
ck_a04403073c90ce38,0.0011434745239325887
ck_03d3026107175dae,0.02058831795908976
ck_50176dae5b1b716d,0.002237354430235326
ck_6c084bfcb38e96c3,0.019838263755881012
ck_36d2be9012f7909e,0.033665066686417056
ck_958acf84c6137a22,0.03966966466065003
ck_114722e12db90a73,0.014379658257340054
ck_203c2a22c0c165ac,0.014154280847018273
ck_2c44ca550e5cfa82,0.014341489732734088
ck_df0a8f20ab8f14f4,0.025513283644618554
ck_826a27ff7555192e,0.01069234480877808
ck_09a988ebcf062297,0.03624312050184967
ck_5c82444b3b9160ae,0.018820871568882395
ck_f6a4a7ed27fe76fc,0.06619355579389179
ck_17de46314b5c6a92,0.017962586218006234
ck_335e63101b1e6c4c,0.19263063737040315
ck_c5eefc0697451de9,0.03559632193326791
ck_49a0efb5d4067b6f,0.12043791157374407
ck_c1f4509c8f5dac5c,0.002957106691401931
ck_57658eda1c59bc52,0.0013409361379086691
ck_0d5c0736ec76385a,0.0007318383722602388
ck_e0239e6ae30795a7,0.034616976093508285
ck_e4459115cd8e5e4f,0.0034047591826124922
ck_bb4aec09d4968dda,0.08202971679743536
ck_a1b4c96faed3e0db,0.01998712024934609
ck_8247b79ac67aae7d,0.024533163004149216
ck_fe2fc7d6e5d83f09,0.002284906766890827
ck_f6aea576cde8d592,0.0003014053009375978
ck_b7e7f7d0cd886412,0.03278863332681178
ck_ca7b993e8286af7f,0.5902500099255285
ck_47de038381a9cd65,0.012839405727336646
ck_d38f941d09eec820,0.038640547947860746
ck_d9ba2a6c0d926b4d,0.0013228532185848027
ck_cda72f597330d0f3,0.002975587475142109
ck_16d2d27fadeeacf7,0.0033426622647834635
ck_be05447853d423a9,0.0003088070527622513
ck_cd92852d7376a4a8,0.001063213793100017
ck_2faf7ecccc9fec58,0.0002456923444096479
ck_db8733fd92f20cd7,0.010743744490219014
ck_a9989a3a94c26634,0.021867479047714883
ck_957fb25437c75e41,0.05682912822764498
ck_e6a6caf6e7de17c2,0.004849987004503502
ck_f7bc569b37e8bdda,0.01257110510295061
ck_703b375dd86a6124,0.023597103542463957
ck_d3cfb3603f2c6ca3,0.045771044150428465
ck_07cb2b6f2a4303e1,0.01542803217223589
ck_31631e2028d4f855,0.01962809268288477
ck_1631bab0ba1256db,0.019629834569039557
ck_5fdafeaec036f016,0.018330445929341976
ck_6eda4c36aecad602,0.004766744869706065
ck_bd1bf9e3e29de281,0.033444235830481374
ck_bf378ea558a4125f,0.7489998757626962
ck_7aa2deeda0e57412,0.9951024352492351
ck_d229cf7f5a3f38ca,0.006152797519809213
ck_9e109edd124492a5,0.0013716293808625224
ck_779491819995625d,0.8782721055206083
ck_b89c6fa2ad0a12f5,0.010093497669638673
ck_1d01b4a609918c4e,0.8350382051746317
ck_714c5d7cb17bc9f2,0.007286493014495113
ck_269f1746f2609ed4,0.0031077459895731438
ck_4be03a2aa62b93c7,0.000331630581944185
ck_cf920313f6dd28fa,0.021430907708014042
ck_fb00aae4e17740c5,0.0022751063605411857
ck_085d8c42739e2b10,0.9954146351807163
ck_c72a7d0d03cf3e17,0.10766140037316924
ck_8f6ca5d3b17eac6e,0.00047318412169306136
ck_d9573100bbff4014,0.23390498521824488
ck_79d6793d1d0cf43c,0.000489409302758811
ck_91fa5032f7aff0f1,0.3129085795985777
ck_87110d84872c0fed,0.033091798808285756
ck_8220da627e9992a5,0.0014205486982741384
ck_2ae44938847f3852,0.005144619175785438
ck_b0f191e44f9b6f35,0.03712261868237626
ck_3049d744b527f4d0,0.0062242988689793066
ck_47d3e8d1dd3fbcef,0.024914943167452044
ck_ddf787359d2b5deb,0.0005557276374799315
ck_b27a9e39726b26d9,0.0006056878001648394
ck_80c4e9274cf976b6,0.9955172849878708
ck_c6afa913168ce8fa,0.004005701884958019
ck_52427b3f8478db19,0.015044809867367604
ck_3b810f15ca0eaa55,0.008651490671406636
ck_0c9e420f97baaa06,0.7992914185867209
ck_f8540cf3a8b2f8c9,0.034891826106490484
ck_1402d24dd623df72,0.0046974539661644756
ck_eb4f4267e24d042c,0.0043864001336020066
ck_6f661b428d6fb8e4,0.052310162565626636
ck_519a26ecf3d29c90,0.0014610800531475703
ck_e886ba71d4a6fd73,0.012142584145835291
ck_437f9ecd2016a1a8,0.004548834947737438
ck_f01af1b0c977cc06,0.0037904388287797893
ck_614f777c2eb5d537,0.004845119967555602
ck_b804e784cde9af8b,0.01574090832158193
ck_c2dccbc1b24b137b,0.125005547095732
ck_1df4a1781a0f6999,0.0173612885481393
ck_bd2cdd53fca26171,0.006567177807303506
ck_424c254249a109f0,0.02648940698778751
ck_cf2ca4f286e289ba,0.04283914140264328
ck_6c33cb15b0d8af54,0.011530316695362593
ck_311d395fa9b8550a,0.014829601793613326
ck_9f792e7e721ff7f1,0.004388523326296019
ck_4c37586080edb7fd,0.0003044352346043364
ck_7c4f42c5397113b0,0.0021017578656355542
ck_fc418f53ce4aa579,0.9199738852034194
ck_1ba28fb7ef726ce2,0.006568229417933517
ck_d932f98bf6b83956,0.034894927140882256
ck_248b3659a9239240,0.010400172595035386
ck_6a92cf5f4cf5de38,0.014070225425325772
ck_65519d0fb137e0c5,0.004166823810835733
ck_ddc3fc99eaba2064,0.018653547283343563
ck_7310cda3bc65a73f,0.0037255638060674926
ck_c01c85bd631d4054,0.002085675126884992
ck_b4954d16b9749829,0.0048969184751910515
ck_f301f6758e170d66,0.02855506903749886
ck_9bf95f8c47e7c7b4,0.005251577207503933
ck_c91b7fccf6aeb4a5,0.03650260908951428
ck_785fa45e86bc5e95,0.016228206805562497
ck_2a65f1cc23f1180e,0.0015498200986545036
ck_a49a2c1f881a3560,0.007653997640150214
ck_def344d68f06d749,0.020331631827188595
ck_abbd1465fc730d78,0.003662718614616126
ck_07a5610ed28162fb,0.015821784718097944
ck_7ecdee2d7127be8b,0.013236913968658408
ck_67858bc00e81490d,0.00046832062820881753
ck_b4ad165ace910222,0.005972042347921748
ck_30753ffe481a1b8c,0.5726530869510639
ck_c401a26725b17177,0.0007817052039875431
ck_819988d8a7f26415,0.00597444537460815
ck_3364a1d9261b3638,0.003893627299966178
ck_c484c5bda389bf20,0.0008648598019384095
ck_ae416325fef92c9d,0.9698379574326775
ck_5517b9a865960542,0.0039371290897126715
ck_a0e96fed380440b2,0.00644629194397696
ck_e83409471d2b0b44,0.01547427597394972
ck_127273af97d7827d,0.010332793285856623
ck_aaa9861c91bd14dd,0.008540395007930773
ck_a378c58294001a36,0.8827930265506525
ck_abb9d65ff1f95b64,0.02077531429739682
ck_a5ecbefa849ae569,0.007069801113993501
ck_aa9953c0ca2bed7b,0.0003989283593474195
ck_40bc6de252865f32,0.0029145341470547103
ck_9fb11688dcfe1513,0.003961781671192405
ck_ba68841ca2ba073d,0.017097432391020902
ck_1d3e561a7d20be0a,0.980633005717083
ck_99a92d710a29c1d0,0.0027351122385362255
ck_ede2e887697ffac0,0.0021018564500814856
ck_e6de67c0d82a7b83,0.02017008355776803
ck_6b38763bf5ddbcef,0.02455969753204951
ck_8dd44eead7d765a5,0.018776383263229265
ck_30bf5b0056eea9e9,0.2909748582251216
ck_2981d16f8a51a8ed,0.022129146613445304
ck_fc60f42c68c7024f,0.05070699248729442
ck_8e2b2251ee224aa4,0.011230305960202145
ck_1906f0dfaf6e9bad,0.6790132079788238
ck_dcbe6814fc4ca0b4,0.06455063893631789
ck_f7e958a286ae3b57,0.0023636620354746322
ck_713649668a7ca824,0.016105209468872603
ck_6f73cdbf9305e2ea,0.026621715177858354
ck_dd1c490050cd9051,0.04809717921549264
ck_e30db36e376606f7,0.21320812045219742
ck_740d8fe8028b5a2e,0.004725785015206734
ck_ebbc9418cd41f692,0.0008489955742603243
ck_7b3cc6cc3f250f39,0.021087523811982693
ck_1d30eef7110809e5,0.3775348900326239
ck_77e0589ab339ca66,0.005058711044492889
ck_15ccbf8ff7d14086,0.007494955639946073
ck_246989b0c288664f,0.013741910354792946
ck_fc2a6e27b10b10e9,0.0004075445501368802
ck_8afc1112c12f5402,0.004243946548638165
ck_a76e8d83b9141364,0.030826116907673753
ck_51d3e8dd7465c015,0.0031550132077078122
ck_e7b4016909405981,0.0011804539617159906
ck_e7a3cfb9bf908e80,0.012137130698533337
ck_2bb49dc2388cdc1e,0.0029820386891191487
ck_94f4266ee7871345,0.0024826723923807915
ck_b2c896beec146477,0.015052971303008159
ck_fcf5d4a4748cdd53,0.002663487564307468
ck_fd0483639811f62e,0.14631406902555807
ck_9a21d183524734aa,0.038792411496724244
ck_1df4b46c0a4c317d,0.02489506056134087
ck_638df9e8a22dfe0b,0.0029805500503354656
ck_65acc43a6dc3e65d,0.008792469147776157
ck_7c67b73196e3d0d9,0.0074741544229964315
ck_b0ee3a98175b462d,0.001551909514366996
ck_20fad010969f1abf,0.0010874773245375389
ck_54b087bd873af8b8,0.0061195788548600635
ck_8007824431fa803b,0.0013502022860236093
ck_23aab322810b9fec,0.005012523872090355
ck_c8001bdb9aafc8a6,0.009634493081490529
ck_3a34c3ac83cf84b3,0.005039587411294828
ck_60187ac2c473a662,0.9614208569178343
ck_6a0ccd7357979f0f,0.11761978887599758
ck_27f20337bef5ffe0,0.017146238825154998
ck_f9fc468915afe49c,0.03578477965264018
ck_1eabc15a94bd9009,0.010605780836284873
ck_26896c494b2768ef,0.009417277834228462
ck_348c874eaf0354f4,0.003976084464783876
ck_be9c46acd216b45d,0.02958067179470423
ck_a3cce46d15cc20a2,0.0693108460690166
ck_70804f60d9704128,0.06145008636301322
ck_a019151ca8e7527a,0.041311974064670985
ck_571133b2aa8ead51,0.019705663979624206
ck_0afa4449f20d5196,0.007137286410053672
ck_4d503c41cf4e5034,0.011277695775596834
ck_d6fb9cc5171e3e9b,0.7171340346126989
ck_05ed92a7c3e10e5d,0.027625527062175755
ck_bfb067986660afe3,0.05903116867725454
ck_c1a31690c8573226,0.002928730374495332
ck_cb88ef3dc1f42225,0.002067562845675482
ck_21e3b3bd998745e5,0.03176598985151336
ck_cf52e46fa54e4540,0.0007524997036161177
ck_b72c7ac4208052ab,0.009893227224327585
ck_e6465c56b337e6c2,0.003962471759330004
ck_5f87eb05d18186c0,0.010932878171144104
ck_263f6c5ff26b5e98,0.001432512281310391
ck_e0b7e2c0bbe228d9,0.0034391842180083007
ck_b657ae3c146cb7bd,0.004221045258935136
ck_abac514d8167ea58,0.07744567709102193
ck_024dcab126876002,0.026533393566923448
ck_5d8481e2b38bd99d,0.015037068072599165
ck_edf229c17d25dac1,0.20233475355615974
ck_6cb7c97b72d6b5d3,0.014601829600323165
ck_c96ae2c28086a059,0.01183156051549412
ck_2f241b97c0f8389e,0.008700913788913363
ck_9158bdbb63ee8987,0.005185366465945802
ck_e7b40b60786c1530,0.002738784761553716
ck_66d38518f68e6194,0.0007763099083825803
ck_8c9b57ad2a991416,0.004662577079444649
ck_cc91bd7152d3e9ba,0.011203564890276095
ck_0d846660c7957a88,0.0038571849371935797
ck_60896cdac2212bea,0.037680725407845644
ck_dc4db8b932df49de,0.09148012960865351
ck_2dc31db181150e20,0.002481488897713583
ck_2f138fce1171e277,0.0018861675820607978
ck_68b8b859a6ef505b,0.021451666773083314
ck_c3fe0c6c5e1f40f6,0.004844436437524839
ck_15886fe84866de92,0.056126440720382205
ck_ea269b35406473e8,0.0005643986841692711
ck_3ce7cad1f69b71d6,0.017232111722757334
ck_054ed4288ee58d6e,0.09005995047434927
ck_3d4913a86f207fee,0.05346153699473407
ck_23ff85f9d2355e8d,0.009204182773266428
ck_d87ab3261322216a,0.0007048992895336952
ck_fac046ce336fe39d,0.0073575556279185245
ck_beb97e498e6cf8e8,0.0536295340206369
ck_1f517e0ebf397b51,0.004245373968934817
ck_0af57ebaa45877a1,0.0005397971473376597
ck_f99bc1732ce5e999,0.02267977503367067
ck_abb056a9deab275a,0.037994936850946556
ck_0bfc394c5faa65cb,0.017188086402726066
ck_ddc865af1dd5670e,0.008808340172952693
ck_68b5542459638b56,0.039528863924265696
ck_0b1d84252c0b46c2,0.00559010754122503
ck_520ec32c4f253604,0.04069115860137887
ck_79ffcfee599d77c7,0.006255968499269626
ck_eb224c0fd146253f,0.02310409072320629
ck_0e477084434da450,0.011510447204554734
ck_07840bba5570785b,0.009545589650134335
ck_6b67fe8e310ab865,0.022252432946142736
ck_e2a1068c2fa22525,0.017949289549156575
ck_b9c6b32f6bd92a3c,0.0024114862889243545
ck_c1e7d1021ae58f00,0.0006768388432687107
ck_5d7801201749ffde,0.025660976176382105
ck_c8806749e263f70b,0.0006768294705891343
ck_c9eeab826781dc91,0.013733995362652388
ck_309a432c160a17b3,0.010573981527048963
ck_b22e3337b8e3dbb2,0.004219482472530101
ck_79c30169c71b8033,0.9472084964576584
ck_5a6593d954085775,0.0028312213820359763
ck_70b9b79ea1aacba8,0.02197509986649773
ck_63743141ffa11f45,0.010652536950346906
ck_dfd3dbd0d97a642b,0.006272101754923558
ck_635646a661f05b4a,0.01556818675981236
ck_4b123d6931b6d0d7,0.07449930569108085
ck_f2b0e7a47f442557,0.9568339073153901
ck_1b1df006b81d38ba,0.010315792351908751
ck_360237c1bd30f4bd,0.0022509888046754046
ck_5e84bca0e362da20,0.021879280254555294
ck_142dba210ed2f3b5,0.04904506920156193
ck_a3564236069e3524,0.10555779745486205
ck_cf36d8b070ded782,0.01612940970653959
ck_ddd6625c5eddad70,0.000497908173814004
ck_ad54292a0b2f44ef,0.00529390775971994
ck_45cd5ef6b359e9b4,0.0021430339377941296
ck_982c2392238b7be3,0.32711163760594225
ck_083e4ac78685c3bb,0.01798370757302445
ck_729cc0b46cc2e546,0.11082676847930027
ck_f2b8995fe5402759,0.0015115639771139306
ck_73e24f5a8da289b3,0.07723239222962532
ck_bd85f30c36f5998d,0.062221152934699944
ck_ee4ff3aeadf912c1,0.002978372672132146
ck_63d2978706e193d2,0.010393566297918369
ck_6a0684436a1e66c3,0.22364829152204044
ck_182dc4a2f5a366da,0.0005892492757954863
ck_e6fecb82fc2a82de,0.007512879777834078
ck_cfb06f07394dfe64,0.0003613806667084556
ck_7bbe1dc8add17ef0,0.011428571992793003
ck_5cacad76e02c8e3d,0.9876002207086345
ck_ca68dec0c7df5a12,0.002324113740184489
ck_e4c0fc52c82065d3,0.005297386919972453
ck_f9197b070416f443,0.0034050959318110852
ck_2a07c7021b71cf65,0.02206407534728678
ck_4fa85cebf707de2c,0.0005570454315778969
ck_0063d2a9507467e5,0.0020662679096243295
ck_ec986285fff05b7d,0.0010613589318405284
ck_279d43303708109b,0.006334307077031242
ck_a406bf11e48cf8c5,0.03890180474268155
ck_064b2aa3f0bfdb6e,0.00952132471877272
ck_95790440bc4bd2d0,0.01162631556988334
ck_70066eea13b4c34f,0.007697380190213219
ck_19468fe07e26f992,0.9851458279374312
ck_86bfe328e0a533b9,0.6439438736717386
ck_ace3b96c977a7560,0.04287381006208056
ck_642344e5c652d8df,0.0194541281112336
ck_074be35c951ae10a,0.020162589621523175
ck_f14dce41036486a3,0.9968854104443635
ck_5cf67a3a747e684d,0.0359186068998794
ck_f7285b92648c1c81,0.0025505770037367384
ck_bef3193f124fca5c,0.14352477179966283
ck_05c4dcbb45de1f8d,0.0019828337972666588
ck_d7c28eaa05bb7144,0.008603614817577274
ck_320df984791a1b99,0.0013940987309680611
ck_f45bad1606fa00a7,0.008676415936588182
ck_6f81c199e986d9fc,0.007604390603174142
ck_d0c9633fed57c344,0.03002462363817578
ck_a3c25d6cc7478068,0.016967804119680602
ck_4185506d12cf9fa0,0.0011599172203575247
ck_7a02ee1bfba7353b,0.018380800982886483
ck_1b52590757c0fbeb,0.028309076054191543
ck_a0e5656e1cf9cbf5,0.003939689426744219
ck_ace21f6daef94f6e,0.004361803076435088
ck_646d8d0834782d6a,0.14767487557753498
ck_1f136a4476b5e775,0.010967384841818131
ck_325c7643cce02da3,0.04406990182788438
ck_9b5e7fe28208f5d1,0.00735985792351929
ck_05d81b1a150f31c5,0.0004506869104026906
ck_0e9ec486bff403c5,0.009840018635069923
ck_ee13c091bc379188,0.013107825629130621
ck_f7a7f8f5903617c5,0.010046896158167567
ck_96c3a3517153390e,0.011215645374436527
ck_538dad7f096458ad,0.0019942316863425413
ck_8758fc6622bbb7df,0.009845105898196614
ck_f7e53af3c91fec64,0.017163703945504188
ck_80b50fad7f255e1d,0.003546305108006926
ck_9645e7adc08631b5,0.02635310867776005
ck_e007aedbf37d6ec7,0.013891172769326351
ck_2951d76c41de2569,0.01869962600594916
ck_9439bff87e616d4a,0.034157001292663317
ck_a73045e96af0e4fe,0.01632517637603357
ck_7b382e533e2e925a,0.03933144670973554
ck_730226c2d216cacc,0.003994568222717199
ck_bdf837d761a7cec2,0.4277734274222618
ck_0b34197335ba3341,0.00839521526306952
ck_49170c4b31a20f5c,0.0018451754266177343
ck_cd553ba6589d8bfd,0.01726900345251623
ck_56b992c6f136fa5e,0.02127600167388264
ck_8beae3d7328fa41a,0.021168323342125806
ck_1a065ea906ae3d6a,0.006881469531384806
ck_e9e3381d5e0e5051,0.001730232243598348
ck_a6d4f998dadc90c2,0.9525849494990347
ck_d36733da917115a6,0.02232402949196573
ck_e738e920bbd74a7d,0.007335703918552693
ck_af65eb885a51048d,0.0005760034336183441
ck_73f4eb09af29b1c0,0.019775508086700783
ck_8fc641b1750a2542,0.06198176168350105
ck_41b954c7a948c060,0.006872429043530926
ck_25fc3010e8a0f6d7,0.002968126101654451
ck_a2624e0387974e0e,0.03436293060539462
ck_5cb9d7b2329d5ab6,0.023277793120222358
ck_6c83aa1d100a7cd8,0.03344977757564998
ck_67025c64588abd1e,0.003600360325342865
ck_f5dde68f6f0468e1,0.0015978115746934256
ck_46bfb2cfc29a6d2e,0.010334977297262803
ck_49dddb894d33f6db,0.06337215448522614
ck_f738b633b8862d18,0.00016598574624980547
ck_3d6c3c00d854f5a4,0.0936327676660238
ck_cdb8061d8d1a6c5f,0.001841622657520631
ck_5e1b81848718bdc3,0.012347514728002664
ck_8def763034187436,0.024686167850605633
ck_8f8e4fb9c6190272,0.002129554441747576
ck_368b968b5f33431e,0.0005530323724707175
ck_ba7e347251ea399b,0.012499603722626778
ck_9075432001a64e75,0.008382441999852665
ck_73c5371635aca173,0.7114586000932965
ck_81793387b38047cc,0.002676562294541976
ck_0cf220816e320ac5,0.0021339872252133137
ck_820219bb9c761b52,0.10673517180845139
ck_70a932ab39d86a24,0.0002413316342802022
ck_2c4be237a7ed79c7,0.0026744095255438905
ck_acc764b49ef02826,0.2983298769169702
ck_74c3c3452e4e7cce,0.0022820700494776526
ck_34dfb57e5bf31d2f,0.034442780171447314
ck_6ec39903f765956d,0.046096500392732734
ck_5986119e7d81e831,0.01791219595784107
ck_2ddfc948b8eac752,0.3311149412358461
ck_921ff5ceaf40a968,0.03570499767996108
ck_fb3b68b4424b5f92,0.04562906628600491
ck_c3db1b3ad4f16679,0.005906762093331861
ck_124a197be41687f5,0.02421072954226364
ck_c58d9151834f5bad,0.012685604469334264
ck_389607982eb6b701,0.5850508347353921
ck_fb0c138c003e933a,0.0005635045020897149
ck_50d0bb7edd8c69c0,0.022253591776693293
ck_c6cb651149dc9a8a,0.0009527713793708921
ck_81e21354e477eceb,0.037397297457474915
ck_7696e38b3e4197b0,0.003024642006875312
ck_586001d3ed9e7fbc,0.00229669601492301
ck_bba413492dc46f2a,0.009492381494773888
ck_95b894380ad2702a,0.0587481019285046
ck_277621473369614f,0.9985264293917452
ck_a50621b5eeca84b4,0.0003126195298528604
ck_bfa7ba218b988cde,0.021251606636107565
ck_5ea89567dfe78e4b,0.0318100046556731
ck_6c679602a6476ab2,0.0029529058022988775
ck_d3885e286b3b11d2,0.06973372750827272
ck_cdcf6671b37c9c92,0.009303465500692156
ck_b5c93e6d34f8d366,0.0019044599551648943
ck_c24f61925dc158d5,0.07586099620889492
ck_cd09375e6c81d2c4,0.01995964714310898
ck_a95afc7a00303a26,0.018549246839680567
ck_8e89ca8b39f3f8ad,0.0036530905050331393
ck_9a84b396aada3fa8,0.053951284749935144
ck_5124a2e415384945,0.04142913289914621
ck_d66bb1f063357f99,0.0035060682362425253
ck_0fd9312411b0ac55,0.016166492233198607
ck_ad8cbe6e27e47ede,0.022401850554462265
ck_8398adeaf41f9cae,0.010977421824309566
ck_dcf851e7bb5855d0,0.0007000515169647407
ck_9affb0f26776b642,0.002775423818269552
ck_f0424b3b36bdbef0,0.09919878322801226
ck_66746d1090d6d9e9,0.00038039565520294014
ck_e5f8c8a5824db594,0.018453714886440587
ck_3e91dcc209431984,0.014849162344825367
ck_126a82e8d42e5ce6,0.0011168994231329958
ck_38e4a74ab256e2eb,0.00565780670291404
ck_1225a97fc413a419,0.050775131105270155
ck_9b5ec0f78e160e65,0.0042347192595027575
ck_7c5529bcc079600b,0.015286679931592412
ck_29640fc2fe81c251,0.8446761838762791
ck_160e9ba0a3f7c1fd,0.001955286066083618
ck_bff090cb4ab76b9f,0.00778712218510658
ck_aa06ed358e43db69,0.13017666250774498
ck_7264486eb512d84a,0.002433977555365356
ck_f5a32e6160b28379,0.005244001508436433
ck_4ba8bec14c2217e1,0.003981879049090665
ck_610815786d729d2f,0.007352870546906105
ck_e267999226b6321b,0.0003968134476292287
ck_f3996a3c8eea1ea0,0.007288411047985606
ck_e9b75ed7567a3f23,0.030063733515776563
ck_d21612d48bb4f7b8,0.009917788166799524
ck_1f871df76c6a995b,0.05295108299783372
ck_953bd5de48ccd70f,0.755869473710232
ck_02a9104419a6dbaf,0.01983631899334078
ck_1eeeee651e05d535,0.046475797367349296
ck_e2ab04136a442a98,0.004219429929074911
ck_f0d806624ef3d359,0.007366339433971557
ck_4b68b38c1b3326a3,0.005929068071666419
ck_74e60495f8861156,0.012056367218640162
ck_398f3f4cf05c721b,0.004332044435094211
ck_f761b7650a0c1a85,0.0153203547870857
ck_7dadef33f5e2d94f,0.9822206888302487
ck_6ff6883633b8c7ba,0.00027666980774304276
ck_4d2159603045109e,0.017270556906922627
ck_a38bd07a5fac5c9a,0.0009809980712321802
ck_f517f06551e69507,0.0009047819893090372
ck_a7ea00a1760ad561,0.9938683840556025
ck_31fc51d5a3dfe16a,0.022932061529711587
ck_bac5233623b25ca4,0.008380448408069072
ck_385188ab27784fe3,0.042894383624472045
ck_9947a323bab5cacd,0.13640093037640377
ck_7973edc9f22ee7b6,0.027084165418621443
ck_f97c477986043755,0.0014091631011066324
ck_1a3fd2cc4b4de196,0.003661383909032533
ck_e18ac29ea62cb435,0.04669872412568046
ck_9720a472a3e0140c,0.0038295885983222243
ck_668c7fc7d7e47c0e,0.07489648230735045
ck_214af0806470ef48,0.007265374945679511
ck_a46c1773f01f0be7,0.07255166145183406
ck_f2bdcfb4203ffdee,0.04554767104893512
ck_40e84e6ffe788a4c,0.017987947350079626
ck_dfc6f5712d8d6678,0.04630217155475737
ck_01ef1036b2e66a4b,0.0033431803831760177
ck_3acfec10eec32f9c,0.02297639942723562
ck_084a85145c15ed77,0.010848543352087552
ck_fcdb4fe2f095fba1,0.11351711740895941
ck_023908db0a193076,0.1234700488692593
ck_fec0ff92fd622253,0.009107552731343626
ck_c009c97d5fafbced,0.06902431811822823
ck_eb9f0c06ee017ee5,0.008986358323429582
ck_d7792b429620fc24,0.002761555966442497
ck_5e9e149a3b69c726,0.009418007603380917
ck_ce927322ef8f651c,0.010415571400474258
ck_b8fd61a8e82bce32,0.979551519329462
ck_9aafc33fba1474cb,0.002249231447665674
ck_ce81ff9b8b35562f,0.030756723837291753
ck_25bfca1d8eaa152d,0.007774123770121884
ck_170c65860e2a7e23,0.002222128417988448
ck_952da7ca9f33decb,0.011468455073450349
ck_1ebd574406235957,0.017545889609889127
ck_589109a188adc2c1,0.0035898334607285826
ck_f0cbd5383bb07778,0.02263637629233479
ck_242521e261148fba,0.001600145300128403
ck_509cece86a558de4,0.008999960471281094
ck_0dd7c5925d28755c,0.0026021357837579086
ck_a7e669cf1c3985aa,0.01087801334943888
ck_acb84dc2351eeb76,0.0013186283248345025
ck_b837c7dac2a9b931,0.027692475491847047
ck_18eb1f9181f95df4,0.003631905307478476
ck_b0b9047dddb1ec84,0.8596092905769045
ck_43aa136bdb0a2832,0.2355097589977104
ck_3e47f8c56c811700,0.0074181419374862514
ck_77c587d24695ea15,0.02214104661619032
ck_20578ac693ea4e93,0.016256369802637886
ck_b9f6040eebd1605f,0.035978961691047584
ck_ca9d86f65cfdf018,0.006118264739927663
ck_a4fa8833995c716a,0.005893498039986225
ck_f589f1e29301b5fd,0.007974533955311553
ck_961ddb8ff55d868e,0.0004908360802101011
ck_5662492a54e6688b,0.03490689479671042
ck_ad48826c1c26eb78,0.6413983533281827
ck_621c9ddde6bf2eca,0.04882051690583521
ck_417a3500b2c717b3,0.031693872219479335
ck_c7e129058beb3ac1,0.010335355814185472
ck_ec1c902b9b9b9c5f,0.30131526265312536
ck_317360ec0a67d27e,0.07404040183628095
ck_3e3ea5d8c4a229dc,0.046171397516941166
ck_d11d27de7bf0b973,0.09708480484696698
ck_d37d56e931105db0,0.007518794117017317
ck_4863077723cd6ce1,0.0007690672177187004
ck_479a065d5903e9c3,0.0013373134566816284
ck_e66ae4fd586fedea,0.0011322884300521841
ck_192bbfd0d5720134,0.0011723134102568338
ck_3b436cb29af99f3d,0.014486079152433022
ck_7c7ca54969eed187,0.024212924132387997
ck_826ee896c9f1144d,0.13857260843358057
ck_ba1f6dd43fc8a0b1,0.005779664458913342
ck_49685deb63e4e8f8,0.010193736083173933
ck_687ab5d5554bfa79,0.011193446995583256
ck_41346ccd9242cc8f,0.0008584758272694726
ck_8f8e5e2b9dfec3d1,0.06117665094424879
ck_94d5ce61a0c50465,0.009660095220191888
ck_6b954c75aad8c012,0.026395902038306034
ck_748af92828c9d288,0.0011421923158760434
ck_dddd14091ce812c2,0.013829166725480208
ck_723323f6870fab59,0.06479992174363543
ck_dbdf8d0708cc6718,0.0031375310519945066
ck_f04938570a154de3,0.0047503056201445995
ck_58afa1550b3b5294,0.03166690876429289
ck_3b150afde386ecff,0.06187458048774902
ck_666b95e75d99ec4e,0.7887662353560171
ck_e00332597cf1eb24,0.015862034358876828
ck_9a9e3dac79280d7f,0.060775156341871694
ck_e8d37262e859d9a1,0.010961078943180005
ck_895bb39d24bc1c4c,0.0011480461874527324
ck_b367449195e36499,0.01138448098635071
ck_d23f9a50d1135ce1,0.12223243283534395
ck_670dc4910cf476c2,0.0006142170319268033
ck_3ecd8a5ce65e21ca,0.0036609372355204573
ck_8584fea2df4c6317,0.04007815432441546
ck_0789ff4562202b20,0.016377189991720827
ck_749e0e50c3907be8,0.002536400479572822
ck_c3ff6790cc6d7e34,0.001231459049118364
ck_75fb7e56432ee4b2,0.003832460033053248
ck_529fc3170fd11abd,0.11943193237558575
ck_34a69b3b4a681796,0.20117737537939134
ck_255f0e5888ae9e23,0.03186229975415372
ck_65be698386474170,0.0012042603539782458
ck_5eec9ed855c26000,0.0036085569123842426
ck_5ab39bdc9610f6f3,0.6560533950006548
ck_1b5b75762f033462,0.0140813583049942
ck_d3e208671cf37f91,0.8042301791334813
ck_5068ee554ceff971,0.02390052722721245
ck_d7d50fb57fcb2d0e,0.0006023419034354578
ck_ba6e1115fceaa067,0.08690377440192888
ck_d07bfb16a4a7dac0,0.9210236508923548
ck_ead68310311690c8,0.8735127625457901
ck_ee53ce862bc9c111,0.029039181076920533
ck_97e56e6037024dff,0.0010429712092625205
ck_80b04344c98ec072,0.011469226602454297
ck_5954f45a2ab45f43,0.007354205784708104
ck_18ddf7e836256e3b,0.00671495538447444
ck_89a1a780144d808b,0.021003830037106694
ck_a7331e8b808c39aa,0.038113425547089914
ck_a1fd0ad03ff9b776,0.035420144121173176
ck_c0cf50eef030b401,0.0013399068361785605
ck_074f20921189e7d6,0.0026402149755352807
ck_e2aa7be60794593d,0.10357020024007345
ck_72771757dfb7f7a8,0.007555099315132392
ck_a9cd84a6dddfe584,0.024399727939730734
ck_142c00f9f8557504,0.04204431538219059
ck_221b5d40358230f4,0.009301890410628733
ck_a2d7a563f520b7ea,0.007987862234057806
ck_66cd34bc568d95e0,0.007939823363901765
ck_a17128972d3e507d,0.00786558474107078
ck_bda299466bb2136e,0.013380213752811633
ck_2b699066665abe8a,0.015308343972427384
ck_0ac9848bd4ba0c14,0.001806583053963704
ck_98d2f9a6ba3a3077,0.7606716141834691
ck_a872df31b28a5f7f,0.089541197332108
ck_7e73e1d44ce82ed9,0.009776179318006967
ck_1a415416f620d49d,0.003620265169600788
ck_c95c786d2f8b8edc,0.004819437837006413
ck_e45012f22b7f91d5,0.0023271820411173523
ck_aa0b083e2a6813eb,0.027172772935977797
ck_4666232ddbf77756,0.00472805023540995
ck_e08e9c8ec5f23d8b,0.020795861528086917
ck_31d4c0518e5f52c6,0.002520812651998892
ck_c1ab40638f04cb02,0.008956702134428124
ck_4c1fdd1669c7cf51,0.0012647673668868052
ck_11662cc7940ffc82,0.020944805665609096
ck_2e679af24adedac8,0.004395335726645453
ck_454b9e21b7f25a4c,0.002645405065524819
ck_355c4f29089731e8,0.90220708841133
ck_507e40760a24d2d5,0.023584825394926012
ck_0943e0f305078e34,0.985278778891392
ck_abc54ed7111e9ed1,0.0013086327064649106
ck_a60fe02fc04407a9,0.059949818499349904
ck_244b897bb4d57c1f,0.009989501175359624
ck_8c84fcde93a04334,0.19198336947951955
ck_9eea37d2de633b27,0.002383815068116958
ck_b2cb9e6610eca967,0.005196666661665147
ck_09aadb4c41b166f1,0.22711996879198676
ck_8d94fbb4828ef326,0.001654995950258462
ck_089e3a07abbe3b8f,0.0039833003113145795
ck_dfee9de05e3971cf,0.004322745271524561
ck_6abf8302ce052451,0.0543668230379348
ck_6ffa90143838a4a2,0.0018407854592956436
ck_325caeab5c7a9c3a,0.006146161223745182
ck_1964ee9db929a173,0.9172872322497594
ck_942b95988a6245a6,0.024504476139314273
ck_913ecdeeb8e21a9c,0.006483494312914282
ck_ecf9794349eb4b3b,0.03482533282011783
ck_b6cb8d6ae828eed1,0.030153084410498646
ck_2f82ea66c4f53b33,0.24527858863069796
ck_6e676daa4855b58f,0.084552925863323
ck_2a37fef48b44e9c8,0.017285145088887573
ck_3bd12d468fdc2450,0.012335598392426924
ck_1a28b6a40a6bd3b4,0.05790186072237709
ck_61b79dec96d15713,0.0013298312443450902
ck_31d5e3daced93d3c,0.00818849211790545
ck_e6c8611c0cf233d7,0.0011596956034083568
ck_f04761b4a937ac3b,0.004742838000221166
ck_38c1c75cf055031b,0.03174894558637487
ck_59a561f3df01441a,0.02312565012183852
ck_04e40f556a5062ef,0.0018253957244865604
ck_8409716d174635b6,0.0075467577416334095
ck_3019afee83342701,0.036608611305359376
ck_b51a58e7f032c9a8,0.02706349406471815
ck_5043e474f848346d,0.023505374516506604
ck_4388abce33ecd01b,0.4540038678625834
ck_c93def7392f0aff5,0.0524704979181491
ck_72e7b1acc19df820,0.007849810280734422
ck_f253130dc3ca5b3c,0.006625561105458096
ck_eb264d1b180d4b4c,0.15466629318890596
ck_c2504f5a113433ee,0.0007800868797644005
ck_c16ab1e4dafb4910,0.18948504127877216
ck_4bc42878fa180991,0.022052668469905723
ck_1c771a7c78f6622c,0.027664365254663273
ck_d523f0e50a2747ad,0.0035018187268714253
ck_9060f4e7ab7a1b0c,0.006981303878381941
ck_6b55ec4e87a5e22c,0.05147735811018712
ck_55fc62a5f89a7251,0.006793532584934184
ck_bd2545c62f258231,0.026603400224744393
ck_1ccdc69d0bb712b4,0.004195267012119861
ck_710f867a3bd5898c,0.0015721959948354245
ck_f91d48c40337d375,0.0027382688605566926
ck_f76d929541ed41dd,0.020446181817377167
ck_e26a6659c237b650,0.035676601207206324
ck_184983177b73dea5,0.014411834903237953
ck_6d0d081bfa8a0022,0.015872537381052116
ck_2f6e64f638da0f97,0.0018479086820548509
ck_15b93103ccd38609,0.005490774016640716
ck_094d10439b7b4eac,0.0016958428044438912
ck_d2ca47180a926ba2,0.006341436763031307
ck_a69ca7b9d70972bb,0.003097345017589682
ck_68914e67343a7d32,0.003773618783029816
ck_8176616132458c0f,0.006870661200876444
ck_eee99af3598311b8,0.025396588192313663
ck_94410eedfca91304,0.030213788949300574
ck_cfb11a0a2325bff5,0.00254419666858241
ck_75217ee144b715f8,0.03576233199258275
ck_d56fc799542299b8,0.001106364393584428
ck_4c352dd3e7c81269,0.019959502247492548
ck_e23e50e02cb3904d,0.030385686229272287
ck_b921af37d500e139,0.006824966433015822
ck_82181b935360dcbc,0.9890390071778231
ck_22a7cf3b99c5e5fd,0.011523241340518386
ck_f67ee7910d532216,0.005938515857090652
ck_5f48762a14a0326f,0.001136832524559403
ck_1757fcb0e6e3f88e,0.14261451210376988
ck_2c2f080ba185016e,0.015355110390388178
ck_4c25570eb72711b8,0.0027814964179319235
ck_a3be871ca22ac416,0.014748626097417984
ck_ab70961e7c6695b2,0.00888792241265401
ck_a1cdebfc42a52448,0.001042097071150856
ck_f1b80b821a20186d,0.03551087115407385
ck_ae668e4564cd2aa1,0.00185253380094328
ck_0e2bc3a5afa439d8,0.03444181415194929
ck_3dc378f37d0b74b8,0.02112313534442785
ck_9f9555197480d1cd,0.009746499870397695
ck_bf4e7d48770a4a8b,0.04884572221850904
ck_614ef655f0685060,0.07726910336335956
ck_04d2ea38ee27770f,0.0006992118156355918
ck_e03a9d8ac94161d5,0.0017385845544835173
ck_d4007b5b26d9d854,0.0006407747714107666
ck_2dd147ce6d61749f,0.019939876471132018
ck_ff45764ea7d6619f,0.015569301553037877
ck_dbc487cb0a6c18da,0.8676264586409799
ck_791d5392bbd80447,0.004101755462531195
ck_b4068439c413b150,0.018172451685739874
ck_85df7b7de9700aba,0.0019887737977225465
ck_001e42551cd06e40,0.006103060658777068
ck_a6c02ae50932cd9d,0.0022459021117192573
ck_9fd0be2c018ff5e4,0.00861429274406526
ck_32a495128395fde5,0.002006374278488869
ck_b6f2a2fd232c141b,0.02470478461082268
ck_28dde633692904b0,0.1196119815813934
ck_a1a93c5f375f6021,0.0005652257031349053
ck_e3982142336782df,0.026583444296485403
ck_a9812ff3c111ea94,0.021023331686719854
ck_f04062216f95fa00,0.02037001517291259
ck_7c560467daca735f,0.00019243648438821472
ck_76ee10d6e2dba70f,0.054688803985645504
ck_3521243bdac61178,0.0037398557429705087
ck_28588fb03b320520,0.03629905634223234
ck_580dcec33ec232b8,0.002469329547908069
ck_7109923fd7dab20a,0.022835002693553604
ck_7c872c99481c1e9e,0.008922176896614151
ck_46f4e1f5026f4d1b,0.0002499684113893956
ck_00d1ebc31ec4653c,0.02069770596570993
ck_aac70764dde15168,0.0267159859177037
ck_648c03f9aa4e45f1,0.003970131649078074
ck_5478eb69ef912785,0.19698665023599882
ck_79b8523137bb2603,0.07666116910333116
ck_795c49f312640019,0.0001997316232568741
ck_89184bf7b7fe41cd,0.24216763786799186
ck_97d4bd922996fa10,0.005306717735449968
ck_1cef30d08f3a598d,0.0010655935948926589
ck_2f9fd36a4a40a6a8,0.0009935958835664773
ck_40780fc0f8d6f309,0.033582501613714684
ck_9083ca9fec2a7f4c,0.009631871958607189
ck_62081bc35aa59931,0.005211330750551815
ck_2e1b46c5fc56b863,0.0861555319554846
ck_3d139692c51b604a,0.05325922136003572
ck_b5e54e22e3d6960a,0.003382698086386211
ck_c0c4be3f44311b04,0.001965932151301187
ck_82a8bdd2692c2a5e,0.0005035438158927797
ck_bdd2da300b530c5a,0.00518421729284765
ck_ee40498cd97183d3,0.0031489350197294206
ck_70b9274473bd6dfe,0.0015882758419519679
ck_473d6314ea614b29,0.004538811362836586
ck_7443d6dca8cd1352,0.0026900230387951274
ck_3b49768b448b071e,0.0058425823394294895
ck_b43f04431c267dea,0.0013965358915235166
ck_4424a5223ba2fe00,0.011920565477725319
ck_819bf3e8231f4081,0.036972106956599665
ck_91d417507a8c58cb,0.1435015526339933
ck_e88e86b19cada4aa,0.01405441844813251
ck_59684167f9c6bf4c,0.07666906574207163
ck_d5f5b0dc97b9dc27,0.01929174214204676
ck_13d1b192bbff8f32,0.011825254316388032
ck_b21d8630387cabce,0.0038076311174374956
ck_e4ac22046699b99f,0.00894151990680545
ck_74b848064f2ff45d,0.004709515222349719
ck_166aa980cc87fa77,0.04962254755708019
ck_98e337806104dd88,0.0012505374134294386
ck_66eb09be007f0755,0.014950048962868693
ck_3ec9b9d8dd7be11c,0.02020384922142264
ck_8b8b9de339d75d0b,0.02307990556483108
ck_6715139e240007d9,0.008083353250156203
ck_a0255ab46e122d2f,0.0009160753052093782
ck_66e81a4190c33510,0.011365797067817762
ck_5d75ea4f5c9080bc,0.15712945020029673
ck_df69858b8a8b3165,0.005855375375505348
ck_e15252ebd7553422,0.0008523876068470301
ck_34d6d74bb3ed11e5,0.0018877443615156128
ck_c2608f78f6851d10,0.8666426151691317
ck_bb99071e8f58c8a4,0.8299287348252227
ck_06010f0df5b7cef8,0.05419964362303848
ck_8c582eb0f6c0148c,0.00404880469727548
ck_0034d010d28aea78,0.011389727486834748
ck_01c1f06692566ca1,0.006727912473325167
ck_4807726e797fb893,0.025876992820960718
ck_edc9668282e3c8cb,0.023002064279911475
ck_5486768475af7bb5,0.885312857719267
ck_3fb9813849e51837,0.016478450960881564
ck_861af5a9a9a6d619,0.0026252815648971084
ck_da39653add0f1109,0.0036415817272419707
ck_74a4244eb1f162e4,0.00038800613631041845
ck_9a930faade55b8ea,0.002344872874809233
ck_fb6e06ca88519dcd,0.011173201816591238
ck_9776cd8263a9f415,0.004723953087263817
ck_b3dd1198ac5aea73,0.009403747637754405
ck_b6675a04df1a4276,0.0007873292198225541
ck_5c7ad6e731b69333,0.21098097565846693
ck_28dc0fdbaec00580,0.1275599917977112
ck_8e7a32f7e3905f4e,0.03418755775322686
ck_8563fed6674afc77,0.01104741697371379
ck_9a2fcccb82da663e,0.01409240769094588
ck_6a519bdac0d94527,0.001125566004571231
ck_a0dab7aa9c4a39a9,0.00380064071807051
ck_a3ce05e9e5e32142,0.016830301348984035
ck_7a7e40ee3f97c035,0.0418371190484188
ck_9e9a830785112a73,0.015277541386057457
ck_ab1bb02f6b189304,0.1619829252521104
ck_7b8cb0f90fbdc8c6,0.002551028637916135
ck_b138fc249e659e60,0.006183502247445175
ck_e73caa3771ec5e0f,0.0031068954173327367
ck_18a55b06ccccd88b,0.014794947111901538
ck_fdcb1d9265d8fec1,0.0646304865026111
ck_e21a900556b382ad,0.017830710180911917
ck_c6bf67470f526771,0.010499876283026392
ck_b568ba3837afb39a,0.000684160150001043
ck_a2858979dd5645ef,0.0015121777512201893
ck_1da9d40837ebaa57,0.011011306227815537
ck_9341c7959543c542,0.0025445965354151255
ck_c8ad86806b9a2369,0.062032209792284125
ck_5c85d93ecfed4b0e,0.003638580426979025
ck_f07b09879d697b82,0.0015894088980191244
ck_fe43da07608b1749,0.011484745722802437
ck_4bca22b5926b9c28,0.001081158319653734
ck_aba573aa942b1d41,0.005453517209619992
ck_57c14e32fa4683bf,0.0031672743502665648
ck_891530b489ce402b,0.004845400366791519
ck_5e74fdadb93ff293,0.025292622629854763
ck_14436a409ebcc90f,0.006592770625387382
ck_00013fdfa0bd37dd,0.00311344269075846
ck_7dbe24ba01316775,0.04039753122789478
ck_0e3f80c1553c591b,0.010866025968491169
ck_3edc45db58760d76,0.0023665020354038356
ck_29076a13f539187a,0.3010712824049545
ck_b1e81b58b9a545ce,0.03805552122113791
ck_3f8571d4f7420b2a,0.02919475776055969
ck_7dff6abe4bd644dd,0.7124538867113607
ck_2884bab237af16b7,0.0025860793389226133
ck_231e6dd1fe708000,0.006237247402088817
ck_33ecaa7b892e73df,0.005875616738352602
ck_b109ec4c63503030,0.004531932241188381
ck_a7f522382509cef1,0.0026719159155341966
ck_748b3ea941d8b3b9,0.001850608348318099
ck_29f3a1737a2d9634,0.010938706295679328
ck_cee8d42475a0f020,0.15671233018678607
ck_c6b6ebe145a8ffab,0.0058950841475487225
ck_21c99e1d6b881894,0.0004577099361914982
ck_5ad798286384484e,0.0077290198394055955
ck_b621b6ffcc7f4848,0.0005987136952842336
ck_ea819e337233475c,0.1235310512268321
ck_9e3896c2668ce06b,0.03962365082642103
ck_501dcf1ead036d2b,0.007796539825834145
ck_8d5eda29a2cffa3c,0.007193036048618842
ck_4d3aa36ff83f1132,0.40992460570696954
ck_8e9faf94e3e6c757,0.00042670617096359734
ck_ce0ec41f96951048,0.020452304578621107
ck_f09165d73ee903b1,0.013038515471803153
ck_a432b1bf1d3b3d5e,0.32589336813308084
ck_ea618f720ff0b4b0,0.004275466867891723
ck_7584e7bd755cb28a,0.016910130680293033
ck_e14681aad43e1a72,0.011602003278025007
ck_5e18870d8e30e379,0.04171781298502128
ck_ff7c26a62bda8089,0.0008469888589442001
ck_cc5a35175d381d5a,0.008603119800428886
ck_3c25029e40aa8a84,0.0054114172541563105
ck_771247b5bc16c12a,0.004035764182469712
ck_664b5e02759f985a,0.0027448904702516144
ck_692a9e8f504b9762,0.00020719247742672845
ck_df8ad2deb0a4ffed,0.012698770001217333
ck_eb48c0bcd12ea654,0.02681770159391821
ck_7c77e597c951cdad,0.01803420194769614
ck_4f75144c6f3b13ad,0.013428415616752488
ck_1bcff399166d7c43,0.0034305404530723398
ck_975c2aa3d4a8c51a,0.009015470593792494
ck_bc6f07b06aaa4ce3,0.20735969253783765
ck_80b072b7f3c7e8e5,0.004702443793330833
ck_471e4018a23b4e56,0.0030729434717407076
ck_53cddfba570b4a3b,0.007505605545912171
ck_630530e50764f229,0.009038386843029773
ck_dcef7887a4f1e435,0.04663581598226558
ck_2795921a055643f6,0.008940517479435061
ck_7456df89f3792235,0.0007181954703761472
ck_5014a3b07e1f049f,0.5711808919653183
ck_d4ec44760cbe03f4,0.010498408888507683
ck_96810ad39d4cb7b0,0.02592095886798752
ck_3222ea25aa29bfa6,0.0007103246016600186
ck_f6c42001b84a10cb,0.12509739657126276
ck_5ac86682385c86b8,0.007587793456025117
ck_4280c33af57eb4f4,0.0011375337892898724
ck_05f79ddd8eefaa56,0.011125287228493739
ck_3a57a13ce032a6fe,0.003333587557360723
ck_a721f0d635fad68a,0.008192933650994676
ck_a3f821bdf408c326,0.004708393865316377
ck_0ada63008be5685a,0.025247224249365912
ck_8c949bdc6e8720fa,0.050325274504160133
ck_c0d2c56f9c722e99,0.9735279144000808
ck_5d2b9e6e087b8dfc,0.9983567208825106
ck_5217b55593a332ca,0.13854557785763422
ck_7a7bb9be5a7e48ad,0.008260828294062205
ck_24cd0d779e866287,0.0012972886531090572
ck_7367917891a63771,0.021606288935779882
ck_4b31a8862a857e6e,0.8418515731966668
ck_81429c4910ca46cd,0.001691631147941727
ck_b35d803568f82d9a,0.012973951755488771
ck_4b00e75c2d2d0522,0.0025209769073811427
ck_77fced07f6dff42b,0.015010384949892937
ck_3c9a06eb07c300e4,0.0005382847232535149
ck_b3867f7f494db64c,0.0009718580842042826
ck_0c45e54897ab34e2,0.016851761848717894
ck_507a6a580ab55c76,0.016000218996008033
ck_291bffc7809f896a,0.0011462428813601964
ck_3753cc5b9d02e2fd,0.0016545104959632072
ck_4f63d5245b3ac1dd,0.015245248658346823
ck_9dfb2ae78659240a,0.008812482819792588
ck_90f6f5ced708aa75,0.0008113616392686701
ck_8b5b5a6b5539e39b,0.9354297973594663
ck_4719112b55d20161,0.009232605319317425
ck_fec888a7108ca52d,0.9853294418255486
ck_4f5d022c99f118b7,0.017126665040294236
ck_e967ff05514b697b,0.0366323479016884
ck_839ce35819bfa4fc,0.00043911414276475065
ck_bdee1221b9addff8,0.006100938194861916
ck_9cde4036d0914427,0.004808781917624776
ck_5ac959cbcc5e98f3,0.0004336200868208083
ck_619842688294dabc,0.00897979837530072
ck_7373d7b04c7799bd,0.016639059577339497
ck_c1dd3feb9a0b6471,0.037394056355917464
ck_0324a4812ec319c6,0.013579655139438325
ck_7f3685aa2933b251,0.07905256012710639
ck_06aee5a62a67a84c,0.09119643198052564
ck_3428910b44b9d08f,0.019058634123674582
ck_c3ba7534cefc1de8,0.00741640524534485
ck_1f1273a67cbad5e5,0.3080531743085154
ck_124565a11b2f8bb8,0.002940696666325022
ck_38e46bc861e0165b,0.03275357148926996
ck_c8ad3f01319c065e,0.06366989567919748
ck_3f94a34f5038f7c1,0.9244631002418084
ck_cee56be5a502fbd1,0.1863734251796402
ck_2b90b76cf4d162f9,0.01450200799089336
ck_884b2e463ff1d54f,0.0051746077664466894
ck_fab4f2f8531b4827,0.022868612287330163
ck_4fc6256e0e60a926,0.006449919958366964
ck_0a2f8b2f8a5b6f02,0.008904059291368735
ck_9c0deab8a8367c5e,0.0006087728677546931
ck_d3a2a4c011fa2554,0.0006544575688728839
ck_4108b4038f762817,0.8454756441380505
ck_4df036e2aa7e1056,0.005932815336643607
ck_ec094eb1cbb3efc5,0.0011719657753143907
ck_09f8f51bfd2492c6,0.007418360962929771
ck_b60fb9a10d6f4489,0.027985664337472814
ck_3638bc3388dbc1bc,0.22659231846492703
ck_7a58e0cc9943c39a,0.0015266237641800033
ck_37dab6a0a536ed49,0.030052109142877734
ck_adc576690df5b33b,0.03551955529307141
ck_1383b2b1875000f2,0.006614926559685302
ck_43c1248db37a2eb0,0.0028453664540488872
ck_29c11bd68858e923,0.0012308299635859687
ck_9401f9e11f65337d,0.030131420689488736
ck_ce5ed372b1a2ed6b,0.02305334449516218
ck_08b4619490e751a8,0.819479216191625
ck_44b9125526acb05d,0.010986109697041503
ck_ef1a1de20d2124cb,0.023971041692773507
ck_e5e2624b7fc89774,0.023787794629108305
ck_f5100511609b92c0,0.00041699873965146325
ck_64f3bb17101b7c42,0.013856641783210449
ck_ea1e5b5128ecba2c,0.0005359894068113598
ck_516163fcf04d5e77,0.011538167967845691
ck_7f9a748110d70005,0.007374228784510233
ck_d263b55f0a681cce,0.022313715014989775
ck_0e962eacf98a813e,0.0036371039040673054
ck_0406931800e0e2e6,0.003210186827968362
ck_0e9b982afc88a3a9,0.9949673277429092
ck_8bbb625384edebd7,0.0005577017083861585
ck_5eaeb87bf6207406,0.8755450060013519
ck_cc3318839c4b0745,0.003824183703044272
ck_08a0355d1f1890ef,0.004490731701281992
ck_af7ffd1a822460d3,0.1784890595755275
ck_2a09c7aa870edb6b,0.0009410951587060463
ck_bc04f51c23290bcc,0.008054362665141077
ck_d3a8333cb389f4c6,0.010702525768235108
ck_88e3dd3039508332,0.01643823716966372
ck_b8c7771de9b57705,0.0022725843026284694
ck_585ababa02383b50,0.004451873991028062
ck_e988c108754cee9c,0.008352612476904608
ck_4a691892d9d6cf89,0.004923087088052704
ck_7cdce37d895eefb8,0.012080771382606005
ck_483fb981a1fb4317,0.0035899534029966785
ck_c1e5182bd99e0e35,0.10550735152930056
ck_9a1e3ec9a1839939,0.007199052034272067
ck_5c3f13de0dbd5086,0.022150207735935196
ck_f4f6f0caaab70040,0.011158109979508323
ck_791be3378dd7d64c,0.008199259546097471
ck_956dd784525f5886,0.02995947029773906
ck_098167eaf124c279,0.021625791402404528
ck_33ecff7914349ebc,0.014455635059607345
ck_e05d44e46c7174e6,0.0072618711830110105
ck_1b2ce474fa6582b4,0.016345689040448266
ck_ab581082e8f72e3d,0.002061061141971046
ck_e63256667aa19070,0.08452606937250008
ck_f568772b6cb3febe,0.03325134290117624
ck_dd89a282375bbab6,0.06172950596861904
ck_a39d0bca345b492d,0.004959188196654522
ck_d12d2924d0f7a64a,0.0066296336590814025
ck_6a548da1728b5823,0.9854229939942664
ck_6d64193681d2a94f,0.027671556826446758
ck_ced6b6dcdc7c201a,0.012929376678252048
ck_d1b0699d26282871,0.052353354090762035
ck_58f757e40a9b8877,0.04198621599662751
ck_3272c2c4a37d5220,0.40353489016501465
ck_d94dfde9e03c9d1a,0.01494085706153955
ck_08a6d4903a7fbaca,0.01216216546284842
ck_6c72a36b05fa0f4c,0.02062685432710147
ck_dbb4bd4eda97255d,0.010806546386658632
ck_94b59bbc824b307a,0.0030341158180696905
ck_0229a07185f15469,0.004831719569844416
ck_11bf1039f8b3025b,0.008837810687342192
ck_36789ca11459131e,0.030527324303569275
ck_8572c5f5c1447c62,0.02124908386399225
ck_9e75c6641939f4fc,0.024633732206359362
ck_b45e47c39d4dc7bf,0.007647846166614621
ck_02903c48b6cfd65d,0.003715585196929136
ck_b153386f1729de81,0.005605771369468384
ck_36979996f33498f7,0.3382835983231122
ck_3c02d4dbbf6716b6,0.019784108454588653
ck_66c9a19963957531,0.04097987826247902
ck_bae8dae7cfd8baba,0.0004453135317930371
ck_bba0ccc6cd968680,0.020402444049617594
ck_3267fe3aac05c71e,0.005298299397578678
ck_40052cac10562cde,0.006940170210641021
ck_d973444855403e2a,0.00939432717677317
ck_012519bb095ad36b,0.9943682313761238
ck_ad7c256ea10c4a00,0.2699894985310201
ck_70a60e095e9b706f,0.0015472538145279448
ck_f2734417c0db4ee3,0.0005940831746841282
ck_9cb89cc3178e0172,0.017766634674833595
ck_779cc0f2de4d5488,0.13340960382759387
ck_35f8656bf93e3b3d,0.014267720640455683
ck_bdd8eba728800e29,0.038215826223291484
ck_002cf760d173f0f8,0.009551770768314313
ck_b046067c6ca3831e,0.011228689036851293
ck_a4a42d4bff8af645,0.0026382405517509783
ck_bce253d2396681a1,0.011581647151851565
ck_00dafc060c8de32a,0.038879796141562534
ck_968a99e097ee78c9,0.08344186658892157
ck_66949171b387bb93,0.028237907255714546
ck_ad305286702b1958,0.001246770454781758
ck_4732da7e0d2dfc7c,0.005643017579345298
ck_17a95bba77217d85,0.02715677283425621
ck_3e2516a3e35067e0,0.005054670245516709
ck_0b615ed566da1f58,0.016625700053974523
ck_d2b3ce1ebabe9f93,0.024035138633386067
ck_a892252e4e0c2828,0.0050166513712959215
ck_cf606fd6ebfdf9bc,0.001297695091480607
ck_718865237134ebe8,0.0016580578548515133
ck_878522cb775b904c,0.02528784007965147
ck_9ed53de6ef779ae0,0.0009547432341079024
ck_3f16e2cd7e6874cc,0.020092217684435143
ck_3c59df37895ead2d,0.002863803856428534
ck_6821459b626d492c,0.0015643804800316036
ck_11c7667920541587,0.007278014592162027
ck_23a016cf6b98d89c,0.0418408970772267
ck_7137eeb394d200f1,0.04765088144215303
ck_9c4886c5c90ddbdc,0.004939627323912561
ck_1422a7bf7756294d,0.963004818142235
ck_7ebc5fa7f0d3b8f2,0.02782577405572878
ck_fcc2059a8d5c41fa,0.11489061995413011
ck_00ff7389d6a83e29,0.03403912241708242
ck_03129b41457795d2,0.013327650737956555
ck_38ba64efa7c38250,0.018845395489007266
ck_57a6b56b09bff24e,0.004924259508371701
ck_e3b3c5a80a567418,0.0006514759364085157
ck_fc40a16adfced018,0.0033881686303583913
ck_9d4b5e6b43bad4d8,0.004134538958679618
ck_61129937ee466b49,0.021553734951936302
ck_74112e47b8629c2a,0.10471133310529157
ck_b4703ee97f94d7fb,0.0005761888499345688
ck_e560f720a988d8a2,0.9392594935796212
ck_708fea345f68037e,0.0005926195358397026
ck_25394c1b83e0b803,0.052636464684187034
ck_17ab24fe914ae44b,0.0016490738722503432
ck_16c501470d9bb006,0.0016903520560367872
ck_628f449e248c19b7,0.0487275505074483
ck_6d64190623dea714,0.003382694788555055
ck_504a45ee08db72b6,0.005178816799788438
ck_6cbb011e0c70bc7c,0.002574764567515503
ck_b3225a98acd04f83,0.0031530382586044178
ck_aa37993f1c17cd1e,0.021804498521580364
ck_558cfe5f77a55a9d,0.009234201822247509
ck_0d0a1a021efea5b6,0.029821428703672305
ck_daf7aea023b7a8f6,0.013047702441774296
ck_d75f25184ece2b51,0.0031868831552731352
ck_466d4b5366c50b98,0.0008242568475879219
ck_88f27ab479063852,0.0184602255000329
ck_66779098e78c1760,0.002088811687269424
ck_b150fe4efb449b05,0.0019272648851828237
ck_9c3aa9f23d01fa1c,0.0009079330949714797
ck_6a01c375fc26705a,0.0013021151171552165
ck_002eb6552b504ea1,0.0029398533084784464
ck_affa5aa0bff9bb0c,0.011126140309820653
ck_027614eeba8b1a4b,0.006819195687902518
ck_67e075c982add719,0.0039823778542234164
ck_399b0d510be98bd2,0.01726361066903059
ck_e9b0bca7368555ef,0.002489852467536849
ck_59c29d9c57b4f994,0.005380781917460727
ck_37176850ed68831e,0.004400176283577917
ck_a0db4ccca08030c3,0.9702565984231133
ck_aa188e5c25f7f42a,0.02386786944282253
ck_7de6997178207800,0.0011165366468368777
ck_c729d19053387be9,0.028527584640460908
ck_f2d3e3d90608596d,0.2668562815248416
ck_2db3fb565e0211ee,0.000627602820265817
ck_bed8a480e27e911e,0.018979289271563955
ck_d7ad9921a4d25926,0.01983996915373705
ck_2a59f23fc5194699,0.14306425658470864
ck_63601a58a6120d8a,0.03114798325637532
ck_efd7b9e22c6317d6,0.01261754549242816
ck_9ab42875a0f95b43,0.029442201410004396
ck_85cb5033fca7c846,0.048491237763501414
ck_5249b223000915ec,0.02700027675220293
ck_3efb0e9bf25612c7,0.001925016317827888
ck_678e74532ac19700,0.020106487279236026
ck_a980b296c95153f9,0.014166146656925024
ck_01ac687ce0d696a7,0.013517015038251375
ck_52e1418cf1aa9871,0.009370853859519057
ck_7d28da4f1dab09ee,0.035100477983099315
ck_010d0c2e6c1657fd,0.07815302783457591
ck_b524f7a2e752b9d0,0.004483496026617421
ck_cc447fcc24a0772b,0.48067213677973164
ck_2cb3c99845e572da,0.0015929000265978144
ck_604c710141327a81,0.0032191326139316867
ck_8d5fa65717d2e0c6,0.010964389704969848
ck_31199510b40602a1,0.006958217729500986
ck_49e253ea12f4e922,0.03346671693903898
ck_780738e0d71e7e43,0.006158263854591574
ck_2cd21137a07fdd7d,0.0019630565143558235
ck_5e021f2a3b66e256,0.03310827178798399
ck_efbc79246e32c66a,0.020556599874717627
ck_9951bd806c13c7fd,0.02627646704469541
ck_7a52674e2806d8f5,0.026023632462326612
ck_1a319e509f1efa1a,0.0017098274673822986
ck_c920901b9a4ba993,0.9085788051579167
ck_b71279e807d0b3a7,0.012168047085680296
ck_47e1032f490bb018,0.012294015780672523
ck_192579ecdca7ff83,0.019660471773287183
ck_b1496c474c4a3239,0.0022512001400763347
ck_5e68ea2c5e893cf0,0.02067827096990242
ck_f2ecab85d4693b4e,0.024698572622471836
ck_89d7bfc81c3df597,0.008170998050452667
ck_7929284327667791,0.08021078886962882
ck_494ec63c5ce8e150,0.004583079267172422
ck_319b059bb2145586,0.047904944998603566
ck_ccb3767c239018c1,0.0015012876061284838
ck_a1c7adfe26e09a8c,0.029835595945066098
ck_0e13c4f73818149b,0.01966418159965914
ck_c285a51ed6214f52,0.043575538393558745
ck_916784595f028226,0.07618773767345143
ck_6cd8e0196365c474,0.00786226949659514
ck_57b657aba4daffde,0.09529749469003207
ck_562c76a3753fc7da,0.3512779682173672
ck_66cfc1ebc9a513c8,0.0023296745560509573
ck_0f38d4aed68d7d24,0.020881108452091006
ck_d8ddf5e99f7859e4,0.01253034934980816
ck_41bc3efa0fca700e,0.03947036271479871
ck_40799e129fcf42c5,0.12640976732900144
ck_786f079389126e44,0.04186298678224891
ck_bb4c6b713eb0b978,0.020060930442932674
ck_4f01f7eac0efaba5,0.0028004846886980675
ck_47d29c01b20cf69f,0.00687951932716343
ck_bf15a1f8d67a30d3,0.015484711104452358
ck_bfecad7586f65e4d,0.011956482829687105
ck_fc9f16df35190eb4,0.19859490139743954
ck_c09c914e416edd08,0.01455136589821457
ck_c54c5d8e4433b0f2,0.0021888087866876985
ck_1694c28f44480e98,0.014018640503938208
ck_1dcaa3078dbb7571,0.0006702962608654887
ck_af559f990c640e41,0.013470235291235564
ck_9b436162039a77d0,0.03025558601923595
ck_79d62ef181bd0cd8,0.0058007034212079565
ck_23caafc2cd34242c,0.006485836592281948
ck_ffe2aa26f597e552,0.012158989188613334
ck_e6ffd0754ac08661,0.0008281137352284836
ck_beaacb4a783db21f,0.0016410036322313918
ck_9863bff41d24ce9b,0.011159026776767927
ck_323b9cc5c49f8ea0,0.9419601391434943
ck_ab3de3d3e41c2082,0.0028131383956812132
ck_35c93b2924900376,0.002136129313136511
ck_5a9d5f9901e37e31,0.015737030664208538
ck_782b0be796164335,0.0015575532536511048
ck_11960b5f1c7a5e2c,0.0032595378443793293
ck_9a66cb13a9884cc2,0.009644508844512414
ck_ba666a425930615a,0.0007104611016349593
ck_40140bef4db73741,0.0075487591351886705
ck_e05e91cc180063d4,0.03412359357845667
ck_c7f6f45710bc050f,0.0017821175736443657
ck_055fb9f2e1c8c934,0.033132908650202936
ck_58bb02d98e2b9cd5,0.01657209120737022
ck_d9f8efa6a7800f76,0.006578779554122234
ck_69691226c68fd50b,0.1548209625347641
ck_6f2f0396e5b1c538,0.9844178694363959
ck_78bc3f1d0f35ea6c,0.01424942304854114
ck_2d5a6b6636a2596b,0.002748608142244848
ck_7878545739af0a73,0.0011326557365540241
ck_03c4fa4f3ed3512e,0.0014295005999176089
ck_1a9e51d092d62c84,0.3436098665293742
ck_9f3861940d8d873c,0.027601041710418495
ck_4684fdd61c6a0fac,0.01456334706335076
ck_715966f86d5c913d,0.0020306083260508193
ck_77f293d44b4a3d2e,0.025080598582687838
ck_24dae044dc05f849,0.021321370585242392
ck_00b9818e2064405e,0.0637327001927163
ck_c1c2cb49c3c1b0f5,0.06750883265395763
ck_bed50fc64fbbf8ec,0.011226094661534847
ck_4f6ed5ea5ab7c429,0.0024333756983403736
ck_458531c22ec2f9b3,0.009824335327928644
ck_51c50c4c443df31a,0.4311043502548337
ck_732d45bd578dc39d,0.00979373483971697
ck_783fe5bc20cd02db,0.02204221064182986
ck_7f188aaa63d1d442,0.005234297233689173
ck_ef307a6aee38d1fe,0.7142035893304934
ck_e37196b20968b73c,0.02392057361422704
ck_4ef9de711c3d93b1,0.017336921535847732
ck_17946516d5df71d7,0.007352199134088315
ck_3534be0f4efd313c,0.04077551527125014
ck_29fbabf855cabdff,0.0010272001079411062
ck_191673540d8486af,0.020221101712691026
ck_5f52728d777ff2c5,0.019687627280477935
ck_a045a19369016818,0.9953297792881282
ck_4eadbe7298b15e96,0.012303964121928163
ck_a3a0bd59729fe619,0.005321450200301322
ck_a1e77090b1c6ccf4,0.0037091537366128764
ck_69ab9d4784eb77bd,0.009085156516400714
ck_baa47383ffd50f04,0.011972223359364886
ck_e35b2ed08b9e55a7,0.00703613442335746
ck_b6e3af0a5119d9a0,0.03407528458169366
ck_a7c1dabf3869772f,0.059212467588367894
ck_80b8fca67a14e0be,0.46703792003810246
ck_dd9c5f0c42878e67,0.0018497579239536046
ck_41ef7967faf5ce82,0.0004771109009208791
ck_a93560aa348d6225,0.03966264604155997
ck_ffe91d6f0bd93fc6,0.055053167425858786
ck_fbf630c960194033,0.012733296655024432
ck_497ed60723283c0b,0.028664039154735265
ck_2a46b7ca55239413,0.00591188550099507
ck_1a4e5ace078dd782,0.012072588992834156
ck_616cc31910f5de50,0.006317750119488748
ck_0d65bc749eb42710,0.013966253722500023
ck_2408db62e4395ccd,0.012782127615488812
ck_5d7721930106dce8,0.04575338611535608
ck_e8a6acea22b20312,0.2529678360400854
ck_e2f792fae128b18e,0.07359287576416648
ck_e6d3ce445b86003f,0.0008458347189753155
ck_263334d722ecbc97,0.5375860937781981
ck_8c5b29f6666d4874,0.027404309599000556
ck_7ea0bf310fc20c7b,0.8713970111720858
ck_54d463f7fd89ec3d,0.005918137398518939
ck_79e45040dbdd6447,0.038556752585130305
ck_60b4d59953505682,0.6113146533419641
ck_fb00dd5021642507,0.006264184042183967
ck_f409ff994a210601,0.050444360145549816
ck_2ca0020038bfec58,0.0731191965182107
ck_adf84b9df54c3d80,0.018809828843920684
ck_942dbf632591b65d,0.019240254068042053
ck_454a7e4d859a3409,0.001071230919779296
ck_2139062d4569aa07,0.0038695867772303673
ck_e949a0f4df0b3902,0.07081167283924594
ck_bb113e3e6716ed65,0.006483408540117063
ck_6a28ea6ce69cb869,0.05571687929048339
ck_7df9910af2bba21b,0.003091694310734656
ck_78aa4b731cbfe251,0.003401427227692977
ck_5839f5cbd8165b1e,0.0053131836587588825
ck_7158ad9e58769ffa,0.07980324755993214
ck_acee218cbe61df69,0.02241428609296767
ck_f8dc8473c2772729,0.06377503480837732
ck_f34c93a8173555b1,0.02778119135442324
ck_7cf301d075e4e709,0.0061200223199150035
ck_b87e88ee5512ea17,0.002632990183758777
ck_bed0c020b10afa3b,0.015864056797209328
ck_ca10102961f99eb4,0.001042687499223519
ck_393287947b5c8d79,0.011817017277843933
ck_2fe6cac002142f67,0.04023919589958742
ck_79c7f0d29b1db1cd,0.025725676079663622
ck_c735b643d3cbf67b,0.005491883234929047
ck_ea4332c8fe48e2a3,0.006503600146447201
ck_d39864119cdd460f,0.005918003170582191
ck_3b963d6be2773861,0.004467846576049699
ck_df39e3b8a9fd0bfd,0.6947042094912669
ck_6236a461dc0d11a3,0.002673377565291285
ck_475ebccca25e30d1,0.009689809947072069
ck_c10c8bcf5bcd516e,0.21286725341720847
ck_49ccc3716a564256,0.0010441375612803311
ck_4e4f99102f6938cf,0.0016026514943420422
ck_a97b481ade6f7972,0.0302656466086494
ck_3fa559c679751b3a,0.01248972396310381
ck_3eba1fd2c7acc4c0,0.13656302426659245
ck_18c179b4afc4fccc,0.025863559713783155
ck_cc1c0b93d05b7d20,0.11251476400099594
ck_742f7c28ddd019e8,0.06082812900726746
ck_04470bc93b8a0d71,0.010233160536966872
ck_6e8f8ef7a03cc6bf,0.010821222193827158
ck_eb1ddfc353b4da83,0.011009891080876577
ck_98831b57c7ca2e4f,0.0002382019323481263
ck_a6c7b8d6e8596d4f,0.02060422343746217
ck_cd7d24e3b095e96e,0.0662314567009315
ck_3f5ae4673a9f858e,0.010020838840141648
ck_05f375fc8ae0afb0,0.007551960114208462
ck_1fc98436281ee39e,0.0014900203293925366
ck_6c48c58678f64bae,0.0006100535693986424
ck_8c95aeec6a4c75b0,0.002398499793783802
ck_364cde38958b7af3,0.08900281646119323
ck_85bf21aa1a00452f,0.0033238526891856673
ck_796d3eaabc667c23,0.9992459712046077
ck_ac449ee0c315edde,0.001344988426632854
ck_6f9fd15ac6b163de,0.0010603100287843847
ck_4087065be2a45ad7,0.16883892510616433
ck_ecf006bbc78ee3eb,0.08554221214283318
ck_8ca808cc5a49cb5c,0.011783309945853679
ck_94b90ab8b2dfb50f,0.014674482097713186
ck_59fd11b3232de9dc,0.8955637109002507
ck_67f3794d93e2dd67,0.0563386750905805
ck_b7f5acf5df1bb13e,0.007102556811707758
ck_fb04ecbaebb774bd,0.006786889174903215
ck_68ef3e7301c621b7,0.013515579730605859
ck_41406cfa209b6bda,0.0023356679895807754
ck_b0f8f5408662337b,0.002355353313411755
ck_0d2901bfe585c391,0.05461422685090168
ck_3398551e81dbf3db,0.019895133622167865
ck_61c3e3e277629646,0.009956780920735531
ck_2825e34dd3e7ea2a,0.0033380833433385433
ck_20d7571ba830009d,0.003572083201173405
ck_c98b16f9a72a6568,0.00044102285338607633
ck_e7c8a9e4641eb9ed,0.00035734027744274645
ck_254a7c97c36dab8d,0.019799588837272335
ck_e98429675b46272b,0.0024374895788619004
ck_c2fc0ac460786d02,0.08323969181181493
ck_fba15647b3a140d9,0.0150053710734608
ck_15ce50f2704227be,0.01911895262167411
ck_8c748aaa4a4554f9,0.016958846120800116
ck_e00e82a9419ff086,0.0267686302825211
ck_832341c98254bd84,0.010873064415534182
ck_27466468d06db4eb,0.03627870029470629
ck_9d7b9e3ff1f3e71e,0.013862226595487324
ck_42c6973d3a6fe983,0.001300925975668547
ck_877c85bad118bc62,0.03216300213608001
ck_75d2a2715259c4d7,0.037568080697145824
ck_37d3e5c681a2214d,0.22867595571496885
ck_bf285dd49f372de4,0.013825330480497559
ck_a5bdd026fa9c50fd,0.004610404452223896
ck_88d9244a9cf7a77e,0.5403202643171288
ck_5881b174e49b04ee,0.0033271810923967116
ck_5b16d67c5ea89930,0.014396066466676407
ck_b75b936aafac56b9,0.01676193757627746
ck_aed2681e1646a0df,0.08417453811058086
ck_f63cb5e8cc702bad,0.004592491734007181
ck_1805fcfc4a9e4ffa,0.9048113794843616
ck_25c355da356c730d,0.006434361422394925
ck_70396398e4a96449,0.0071912325387486825
ck_0f743bd13373748e,0.011044536561883143
ck_4b387765f0e916cd,0.0029410979974520165
ck_e971faae8a10a260,0.0010269892086376701
ck_9eb08369e983abfa,0.0009236255552485896
ck_c30c5844512e429f,0.038883181296665306
ck_59e77e3a81f1fa0d,0.01688348390165698
ck_ca4465f2b5c1a52e,0.9943125508650839
ck_c89b9ca398402f1e,0.0030959233792993753
ck_36e72ef9273e7a95,0.015060705894296214
ck_2bdd8616870e5e1c,0.0009175479568288709
ck_216e87a41de22b5d,0.06745324860731498
ck_60f4fb44f5efe3a0,0.0009015789898485184
ck_05652e8ace6ce6cb,0.0019811065722985257
ck_8c136dc691e65695,0.00018259664535479872
ck_a08f8dfadbdca112,0.0012631137955717714
ck_bda4041a3e90d860,0.00872749257521039
ck_15dd3ecaa8ce0245,0.38810847213585403
ck_3e3c64b3b7876ce6,0.04248271656548545
ck_46225858a38b2e57,0.004140030252696555
ck_0cb9f54928f4feee,0.009271207962795267
ck_152671fbf8a9a78e,0.04052007866993594
ck_ee7a515e87d17d4e,0.017103442474949396
ck_f7276091bf513d22,0.024116530943951154
ck_4f05daf1cf0d5755,0.003075951197018489
ck_83a69c4a5d55ef19,0.03211489996147766
ck_c50fed2a7c9198c0,0.01859199590241024
ck_70d19d5650ddc8f5,0.015089480492816255
ck_4b4d99e443618904,0.022730434275968856
ck_dca0b6ca93311ca2,0.018548736226506553
ck_b7431d4706461ec6,0.007070942536098314
ck_7b59d22cadef3b05,0.1231260228264745
ck_53428573abcd606f,0.02500982849220463
ck_f538ab6aecf2adfd,0.0003548793029983878
ck_d321249fb065d2fa,0.02968320446138771
ck_72fdfc7e6d8e1436,0.0009199848706483108
ck_b52b99dad89ecdfb,0.009002224201889274
ck_d2d4282f9d256b3e,0.00495003906552389
ck_c8f2a1dd8a6141a4,0.001152880390566418
ck_8d38747058d0aeea,0.6605177152709906
ck_3ac528caac74f563,0.010195284190433395
ck_8dbaaa00ad829ca9,0.012527941381722155
ck_7c38ec898f0fc21d,0.002297148937391287
ck_8171ef803f5ff604,0.010892201842057478
ck_01a750db6fc1168a,0.10293027857159065
ck_ceb017baa26e98c8,0.04469648459039686
ck_e2c66c72cc0b0f78,0.011848459192953884
ck_8d9518f64b222416,0.0019667227638162734
ck_804c5a1fa5753617,0.004846718340570411
ck_fca7cc9c42695453,0.001474190134460218
ck_3a632cdf2c19051b,0.007510441593167181
ck_b2b63ea65edf1dde,0.06801903109654399
ck_27b07021500ee841,0.012209256402518581
ck_9724718fe64c6557,0.9776370636648539
ck_2786cbc3e75ec034,0.11356883558677813
ck_d9c2622cb6df380b,0.004149891214418938
ck_ae1da8ee98e402a4,0.008488597656336866
ck_62967b91504149f9,0.006874443209936007
ck_6b255bf68709109a,0.001781343843919448
ck_c55afc68421d85e2,0.004712376133955971
ck_7c7266f6ef2a8466,0.03057994108945528
ck_885cf685a9541190,0.6728560852872639
ck_1a4bb7d3d2ee3227,0.00519534679250078
ck_b4911c42f3bff740,0.00036238692525703513
ck_66f9f78d4c6a3edb,0.0261588956581867
ck_49bdba9ee1899dfe,0.005967543940236391
ck_79b235d51718435d,0.015064235924563775
ck_d840db8cfe2ef6f1,0.001215451964390643
ck_610c7bcc1cd7ecb0,0.022640980174337084
ck_cf49b6544aff6c50,0.43955388961028863
ck_de05f97c3d40dd1b,0.060506243109826996
ck_0302f67d75973dce,0.008299559714250396
ck_54c2604c9ca6256b,0.0088915841436424
ck_a1c88c0568f142d0,0.09860269867103959
ck_5d72ff6cc2963d1a,0.002177112486570132
ck_0446920a1004c596,0.0009560506482603039
ck_71044c29ef071570,0.005702663548021436
ck_2122e9bb1afffef7,0.008078710028022103
ck_d1e3de178601d3c2,0.012079585303189373
ck_bec8324a3587ef04,0.002555352010670948
ck_b616b6f45225f319,0.12402675890588905
ck_ce1e695884511479,0.012130409250108746
ck_a662b4bf900781e4,0.0004026810722037541
ck_b5a84c5547378c10,0.0014046624204021808
ck_f80af368cfc6cb7e,0.01873171563064195
ck_da3526ab6c5c884a,0.007978574461902033
ck_bd20be9a3392d79b,0.004071421990650979
ck_b8266dcd90cbfa62,0.0015849962648273035
ck_ac84b33304362c06,0.016053675901307525
ck_794d8935a895e33f,0.041427869672880126
ck_8fea7d915259f1be,0.0018083796283272157
ck_7a1519ad5ff45312,0.0001763208466206241
ck_9bf3ce30b65f75c7,0.050212487597490564
ck_5f864d72d1eead99,0.06972584629479174
ck_3c48e0cfc2a58041,0.32242285686298494
ck_d902183f80cc81fa,0.027090409001987652
ck_539cb0d117db8cd3,0.3146058934844569
ck_28f530aec8e77130,0.02892261454233783
ck_e7d903c50d353361,0.24364768415261312
ck_d288b77d1e227970,0.013254579349667157
ck_017208fcc01b5d40,0.007219480085394191
ck_7e3923d278a5106e,0.014945159764089049
ck_9700a00ff9e66216,0.031303335961397734
ck_5c36c78b7a4d138c,0.011374328481383636
ck_c457e9c9224b773d,0.01664929790872152
ck_1dfa91405d7e66bc,0.004987187764728883
ck_f1d8a2695a575e56,0.009084152354367978
ck_3b92a46daf8d00d2,0.013876460656641847
ck_aab23b5470469649,0.016877972169726533
ck_ecdd01a391610d99,0.002861549360182377
ck_abd3aa292f8edb4d,0.055107714676539736
ck_7fc9a0776e1339e3,0.0013226052916088828
ck_c0389ebeb0e65cb8,0.0011922114692226031
ck_48d0fc4f6a2109fa,0.9938418716099947
ck_571dee4f3336c7ce,0.023516242267609764
ck_4cedf26628c84f26,0.14399004491654205
ck_63356762d24aab81,0.01829969882573136
ck_2c5bc11bb7ae5d2c,0.9881861609728788
ck_6d26a152f900fee8,0.004189204361633844
ck_c972b0e781efed3b,0.003310849980299073
ck_fa0ecbcf9a33d6ce,0.003437203017233764
ck_fa3a766e49dc77ae,0.010575559313885761
ck_7baf1e55db0dc558,0.013133423895788431
ck_e8bc49e6494c1f37,0.001076883580626545
ck_8ef1d05cc1e53e7e,0.03816262038491443
ck_cef2a485a77e0723,0.000582376753518088
ck_228a583f23abff48,0.013476353262440205
ck_ac32c6e374782b27,0.036942336227148355
ck_b9485218cef413f0,0.004105912459929797
ck_7f15503048915d6f,0.0017143275291448894
ck_b62f5144db15ad34,0.02541038769264491
ck_917d82c552f95a23,0.009956095678748899
ck_fb4797045077bc6d,0.0011097067343416478
ck_2cf8a44e041217de,0.016737509310988812
ck_b7dd681eb3d2ee38,0.0005101509135035321
ck_e9e8cacd2fa35e79,0.010275962955863947
ck_342a79f91de5d1fa,0.027846379759988917
ck_2c91f62c05685ed7,0.0025163966136062875
ck_e30cb64302939f38,0.022662346620984996
ck_d0e95b90ba86da10,0.004723779785275864
ck_1774faf414a5d49d,0.794183595842295
ck_2401e8ff89e574fd,0.709117675784776
ck_0cd8802264e0a1ef,0.023308112886361868
ck_da84a0dfe947fd3c,0.0030925731143085036
ck_c8affb27ba7fb5db,0.0630904000685721
ck_bc7ece8787ca7200,0.003133007762177374
ck_469a0578d05990c2,0.0028091490187386113
ck_eef67f8dea702338,0.01579510236902992
ck_4f490e379e9ded9a,0.0024462312758317065
ck_354379de065a8ff8,0.004480090344247004
ck_5db1cb368bc41ac3,0.004952970178728179
ck_9b1c3742dd6fcb8b,0.011863530884830352
ck_63ce4f44c92d7143,0.061524621672645295
ck_e15e3390f5ed45f3,0.005263303613222634
ck_da645ea91d66aa6f,0.18348238679639337
ck_834ca727df855f07,0.06391126223597986
ck_e1d5ad20c737c745,0.031612399244040516
ck_ff8059ae5fa5f1ee,0.0003713037843951796
ck_8bb9e75393954a1f,0.0023015058733900453
ck_4e1757d1347ab387,0.9924621331095488
ck_af3f74b1d75a5d95,0.019265714213939068
ck_6b1ab0742ff04c3e,0.04146024160571472
ck_f56073911c9f1ab7,0.0016092215827333463
ck_51bd5f69b4fe0b92,0.5219886860075175
ck_fc3d95030b81f416,0.00010986509765721109
ck_cf78169633a1600f,0.000457808797545423
ck_ad7269eaa65c67f9,0.004539973632176481
ck_cc6d33890d47a6cf,0.031237655433688907
ck_bc8f31f4a2ffa1ae,0.00110548806568659
ck_720776a46e56dfa8,0.007356987067268794
ck_e2d1f212f259539b,0.006860553189543488
ck_eaf6f7082c3db2bf,0.08582115155653
ck_773efe58c6278c3c,0.032740589984378586
ck_c4a72c09f2fdacc4,0.0074848190082644084
ck_8982888dd6611143,0.0008500952291723635
ck_9d5049e195eda029,0.008142925617940937
ck_de58ef6f9fe2b546,0.014907074187136193
ck_c0b50c11e4f5adf7,0.013071052371787904
ck_ddaf228487858bb8,0.08789212565701097
ck_eb2323215ff70362,0.030456469569209384
ck_168c96a1a636ea15,0.013037403698510147
ck_9c46711b14d9eebc,0.0019530080495029937
ck_de8af660806b97b5,0.0004691264589089665
ck_6ab83f45bf16eaa6,0.0015871217861749586
ck_bf2228a052815840,0.007322561034448427
ck_3f943f20a9da9bff,0.013963988354118703
ck_3baae40454c00938,0.018079826181827803
ck_bc2e771a1d8d2dee,0.043540745843845804
ck_e55f5ca37f30ce8c,0.017554012669581297
ck_4ad5937bef176d89,0.0015547921023947504
ck_126531a9126c17c4,0.001941185015384959
ck_7ec423cb56257516,0.009730216349301941
ck_54748ae0f2daaf10,0.03361890688119404
ck_ff24776280ceeeed,0.014902986523887407
ck_3c3a1a1365741bba,0.002131056333713681
ck_615277c8a4e2b18b,0.0027469105050874102
ck_a96aaef34173aee6,0.0928932309234208
ck_bea56db7f3e930e8,0.0022831558658595466
ck_ca491debd3b32a59,0.023994119962318795
ck_d9ea77f4114a389c,0.0062138677599019474
ck_322ffda3332d08a2,0.03729933794936003
ck_c40ffefe4e30b001,0.0370746766387609
ck_3b1d7648d4580bef,0.011660823611486919
ck_23981a3261674131,0.007879231716119458
ck_11667f5b9fac7bc7,0.0002619004586099645
ck_646bb3c7be5f0817,0.013012155274211875
ck_ebd0a45712dcf07a,0.015945355594774308
ck_baf43bf1bd963f9f,0.013893109712744258
ck_e0ca2c819658f6b6,0.9755123719517429
ck_f0d6633d0834fff5,0.02253616804158376
ck_91081be0254878a5,0.005440355747976371
ck_1325000bc7f35b5e,0.0014910950045456464
ck_c624b9063400fa3a,0.04686523217398251
ck_0ad6fa0e23c3bd0a,0.15966355050059913
ck_6ddb55b1f23c6cb1,0.013050953231149975
ck_dce1fb3acd65562f,0.0022764618577562437
ck_a9aa389688ee5aea,0.0084801374803763
ck_5c5284c45d9ad8bf,0.03575912680793005
ck_9ce743dd3e92549c,0.01957959250097674
ck_8342e08cc2f9bcb7,0.004265887072287745
ck_25e551a0a8d2fcc2,0.017630922931131113
ck_d4fd0e438c97e0c7,0.04427731870487638
ck_ac7fe1c344190c50,0.008610632829153631
ck_ddd65711b5651f89,0.0008744535623249534
ck_ec7406cb5cbc8f10,0.0072851691918839985
ck_1c65e8d5be3b9c60,0.18812813398040765
ck_38ee42f15a573e81,0.010459691868691123
ck_0e5385c70c6de025,0.004987020315324409
ck_d3137f0f7629040b,0.005574359812408977
ck_9129c92c12e0c8b4,0.0012570008073685315
ck_c86520a00e50a926,0.015763656176807018
ck_87f82b2b5fee757a,0.020233605847595842
ck_643abfbd7548d0c9,0.0304116199056523
ck_be51f4e5e6b85768,0.07649112014911183
ck_132c16312f37810f,0.0022509658957618143
ck_c78c096ca8cb33ac,0.0016468379734429059
ck_2ce5afbc014763b8,0.021291413973832204
ck_50ed8f4e7ae6710f,0.007057118446504456
ck_5a4eb535c9a11993,0.010199181307102737
ck_9b665ef46d785324,0.005145895447825012
ck_e066f71f8b296b7a,0.002150134989722383
ck_560bc6017870ab06,0.0027645591819518383
ck_fd78f8a8663646d7,0.003423863290049845
ck_4af5ec61ddbde1a4,0.022998582170559192
ck_c2ed04a9d218410b,0.003757653485866183
ck_2455d43bbdd2bb69,0.0121759873128111
ck_56eed7041add49a1,0.33561743757345247
ck_5f0be7b468a72333,0.006715335778704448
ck_19660cec756632ca,0.004756730653420499
ck_fb90408f4892a21f,0.010019433986438002
ck_833a65b86a5d9bda,0.0013287643966955716
ck_2ac36e1dff211d38,0.03498828180398487
ck_c00e70606904539a,0.003539923362796643
ck_ba8affe4b9505a95,0.17846055432335323
ck_0c3dd22587b08018,0.07661659852838741
ck_618c4e5cfae99dcd,0.06039770229494377
ck_c9690baddfc4177e,0.000491295675637499
ck_59fae092fb0c4aa3,0.009539421268331223
ck_e03b7d0fa0b28f4b,0.006062780251572745
ck_d451d24c780b5884,0.004320950858655346
ck_e980d325b8dbb8dd,0.0003520791508673557
ck_cff18e2d8c520272,0.0019312395720531732
ck_a0e46b67e986ab56,0.018630514857912246
ck_3a469039a5b9d963,0.008276890054150639
ck_12cbb211ebd2b437,0.0525746180222337
ck_b8cdd6d6dccc4554,0.003104120087351707
ck_794ba5921cef50c9,0.0691270641028199
ck_2c7667f64edec2b5,0.008486531004378368
ck_7262b4e0c29c942d,0.008345187744209634
ck_5d818522cbfe2a54,0.06432865765126841
ck_de39c1947fb675ee,0.026668325377749713
ck_c021495606b4735e,0.005303715936607822
ck_1fc03ba33edd9e67,0.022878277898134472
ck_a6fe344bbf67f14b,0.011081766354771129
ck_963762210edc5694,0.017405716075947274
ck_d064428b7e7dc409,0.0036878713539500656
ck_59be61b53d971611,0.006778802201706985
ck_ec8738ec663cd2eb,0.005773370385358077
ck_59d086fab5998646,0.012939843303637054
ck_bd32dd3b2cbb7888,0.997374283112398
ck_ce0166addb93bbad,0.0007581353190553528
ck_7c0fdfbb447cdc04,0.022469533342019385
ck_cb1bd7635968ed8c,0.14878488579718055
ck_66f94903177f20eb,0.005203294974978352
ck_1d7cd5dcbcdafd7b,0.31858971395051744
ck_5e418a7c04437b4a,0.03753415076360257
ck_631ea1ae91ab333e,0.026388019558652206
ck_0a8029e79a5ae7ce,0.014229261691005772
ck_c4cca8278bdad9b9,0.00020059002589624845
ck_4dec3df58077a257,0.03049314280749576
ck_609c249edd88c565,0.008941808520538615
ck_02e5f9cbbbf2f078,0.021544564069159024
ck_32e486859130458f,0.6221931147099548
ck_21ed2ea6386c5a07,0.0004920784603187309
ck_1242aa4496576a99,0.003029108944459227
ck_475ea9aa6d3898b7,0.03017861197920637
ck_fe1b1adae3be70a6,0.6475391639201875
ck_c5414d7a8031d4f5,0.0029328392880016737
ck_ca1f6f01868e978f,0.0067053220489717786
ck_5eff0208c74ec714,0.006383044812995801
ck_a315c9619a317609,0.017375208009387605
ck_2b87683c90acb852,0.023793016853509645
ck_7cd9f39c50748ed0,0.005828437881532132
ck_16a06d58d71935bc,0.06283688803405081
ck_d116e0e7c19b878e,0.918012213200535
ck_931510e384b1d0cb,0.0007638370607142316
ck_e7651fb87bb24132,0.0012184695823659753
ck_88ef9f85948e1a01,0.000864249139122548
ck_17bf38d51115a8f3,0.005027815490763427
ck_2659d1d3762a2825,0.0073936816733003565
ck_a7285955e2852686,0.02257589397897465
ck_f2c33d5b65b321db,0.03349023610207624
ck_83e5979334345622,0.015853596743112805
ck_629537d8b4d0f395,0.015019736571038932
ck_72022008a92c9386,0.02757632837794695
ck_2973b8274f0bf69b,0.032988168174155307
ck_565e3418d2f4061c,0.003754586720599914
ck_54bb53b8f8ea32ae,0.9940820814103499
ck_af0a6540ea7a36b2,0.012183668621544493
ck_888651bfc2c8cf70,0.006084193393311531
ck_1dedcb48ac381a1c,0.16633648529268474
ck_f73273e220296be8,0.019322011520074175
ck_8424bf65223a5a9e,0.005863134436258154
ck_337b930fd149a696,0.013660692304423626
ck_8a4952de8a123ef8,0.005575822104288084
ck_884168153c9c0c81,0.0018941553021743832
ck_fdda581aec411010,0.0008614945142516226
ck_2b7cadbc8b180d32,0.6204460720030535
ck_8aa8b9968233a1ab,0.0020330335274879796
ck_0af18b3ce015d294,0.003547477068043211
ck_8dde670a735d1e90,0.08661921585952785
ck_62f46226f244139f,0.03290749969416798
ck_f948e8a8fdd79b4e,0.011064761199767114
ck_fa00aa0f3e859904,0.0204667537534381
ck_fc7935f784a4f249,0.0030072402804585965
ck_e7501307c0698e5b,0.013191216629992534
ck_549ed417f2834cee,0.02011065563674673
ck_fb2a35571ec719d4,0.08297694495826957
ck_25822068c86c856f,0.0007166738969616027
ck_8f35d229b62c8f23,0.012656346927670642
ck_bdcf049c1e7d0c95,0.004471216970434541
ck_0aa9db36eb16422a,0.0006825631987319667
ck_42dcf92e9e016922,0.05686293007782213
ck_42341cf31c08c981,0.0026543291855782897
ck_0b20bfc515ba42a2,0.01270025589605602
ck_0ec820b670d48098,0.00044906497991621474
ck_1f0bafec397da8e4,0.018147060329434694
ck_82f07504ab59ed33,0.055748788441390446
ck_337b24a474010abb,0.993138544128623
ck_703703bda38fdcf8,0.010748000340023293
ck_01e7960c63dca3a4,0.9849171354267137
ck_be5bd81e3715cb8f,0.8033225260462973
ck_197f8058cea1fbea,0.0007963759720312995
ck_eb3fb1106f2f1b21,0.045604520865712636
ck_658b4b54be09a4bc,0.9935420567960263
ck_266ce7ccf41ccc50,0.011786786300041204
ck_110608c3b03d4038,0.6368017220925049
ck_1be8cb95d6d9bbf8,0.0006705644633132268
ck_8e16a64a776afa82,0.38568156930861536
ck_34bd190d37eda534,0.03232356193144698
ck_4f521611ae14ae66,0.0030006047202920114
ck_d839798f9520363e,0.06040075510923416
ck_d1bbfd246c0ac9d5,0.03111555197857626
ck_f19030e6e85a6776,0.06908268788427062
ck_cdabe60ab59f9d5a,0.003105728554083722
ck_bb84b2b30293f566,0.793769519189782
ck_427b91925952cb40,0.0297989520965143
ck_1078b1e155b5b640,0.005945843504259733
ck_95fdc264eac72fa0,0.0005889472696624996
ck_e35eb857c61548b2,0.6261075961416209
ck_69bd0b1abea7e1f0,0.2505076648197096
ck_59de511b20c842ba,0.026621209795013496
ck_168e7ea341a36b80,0.0019056812365900989
ck_4937cfa6526ea138,0.03256127260783961
ck_bb1a981306b750ac,0.10071906545173079
ck_f42a43e4c3f34ccd,0.002452569799215289
ck_c7ae1d4b3ab38185,0.0046574644000723356
ck_bd23cf9bba1dd33f,0.03799243614333542
ck_0fd826fad7ec7cd6,0.026610505172730538
ck_f143641bf3dd0414,0.024609761619908386
ck_ad6d48c20a3688a7,0.003612652441430924
ck_7bda5b5b927b2905,0.016098077036734874
ck_a337eb38eefdcc88,0.046688334995428335
ck_403da2a2d800df9f,0.08368504031157932
ck_aa01d5aafde73d0a,0.001497274280793452
ck_494954023f0eb309,0.021732995776021787
ck_1c6820fc38135ad9,0.008563410367372265
ck_0e0bab173622db9b,0.1054518857858408
ck_547090bf35a3b243,0.013726730891550092
ck_d69455220b21dc9b,0.001997433554800271
ck_90b4ac695b9c6bf7,0.0056896432219047015
ck_8d2afe17c0082e6a,0.04023927582789011
ck_926b81c0ba528eee,0.005477145330645164
ck_ce36b0c287bd198e,0.04367149886957111
ck_8026e017909aaa6c,0.00393789874558081
ck_dfba788f35d4c372,0.0023103222459271195
ck_f09f9d0e0886e0c6,0.008364909068820448
ck_4ffe0366df388604,0.00913882987891143
ck_75bb521de55644c7,0.005672819466878498
ck_81a960fddf79ecf1,0.5961115492038851
ck_8f43459991ea511f,0.006384610175764736
ck_f878b68d66fbfd4b,0.0008431500796618746
ck_e84abfc0c747c9dd,0.9232971476526328
ck_3ad3fd3cceb56b66,0.943356410711424
ck_7cf562578c7f158a,0.003007559620253967
ck_f81a97d350397306,0.022594179594011218
ck_255d87b7fb40caa5,0.021558516296786637
ck_b3905153b9eee924,0.009722162114281051
ck_2c80a592fb4cd6a3,0.0030119402906525
ck_57deb202d4188a29,0.007734170308887382
ck_e3cb5f31d8e94448,0.940560718877751
ck_0db62d5f7f75f80f,0.01430638755186386
ck_ced9163ea85589ea,0.06933623969990166
ck_e16528edc694fb33,0.8082331555716744
ck_78cc5ec4940fec3b,0.007439698578875834
ck_31742076e9a998f8,0.031075889637956863
ck_5ac335f02280271e,0.035472402448821154
ck_7cc2e091806cfa5b,0.0361479007537073
ck_3152c7115257f084,0.003649904929712885
ck_ab1b9d019921bca7,0.007007773712898522
ck_c33a762d98f9b290,0.0010287258101711772
ck_b16a7c51b6f7a6b1,0.08131033815791527
ck_97402a153348e68f,0.0018486876852227892
ck_95391029a21caa24,0.038498837193172736
ck_c2015a1200971fe9,0.014263352522715591
ck_ed4427962c68918c,0.9856003493712396
ck_c5e4a17d3efb19a4,0.4244985867290386
ck_8aec3d3dd51517c2,0.0012191070167022313
ck_f5178a658225d8e4,0.0009221859886795799
ck_8594f165e95316d2,0.002481663949969921
ck_f0c4aac04076a6dc,0.01503088713813165
ck_ac2f7397801036ef,0.02721135993038769
ck_d1ea4bcc407c7d5e,0.003960672778896475
ck_cce8b6657a538fe0,0.017132068613890005
ck_66d0c6d6b67a8d58,0.00231231128917959
ck_1a6b30320835e57e,0.005999024827889925
ck_8cd274cc85aa35d1,0.027484492280805385
ck_ada46085a78280e4,0.00832491984736579
ck_ce1b06623e4a815e,0.004797668541732443
ck_45e70c8a9686580c,0.06873637948890117
ck_0084d8ab6b1044f3,0.001485868426525104
ck_a5f7b6fed6df2aba,0.061285236634744465
ck_94940d783e7988e6,0.0032577007818487065
ck_00f9ca84d1d8ae7a,0.00121549802373571
ck_0deb56f3f6452818,0.0015503994475361573
ck_a58e900469dfc3f0,0.003697443967418081
ck_028c41b195280980,0.008741232708501972
ck_7661d7ceaeb19f97,0.009085383154360398
ck_6957905a65c47879,0.024214626855625362
ck_f7c6c26ef3c4ae06,0.007240959221745646
ck_8777beb11aabd66d,0.009464192347147939
ck_7db098a17374bbf8,0.9586086189693659
ck_66aeb00e44486cda,0.117529327671171
ck_838c52cc1d315ec3,0.008489451794770784
ck_1745847cd4e5dc83,0.00866463749357045
ck_201687857ec8b3cc,0.024027379741591484
ck_81818169208a8cda,0.036671025982558024
ck_3303fd3f64632c7c,0.0549968863981919
ck_edf1096809e83ef8,0.0016317265585579924
ck_235ce9603c7dccbf,0.05810684364254567
ck_9df7e153868bca13,0.0040695647107605315
ck_3cfeade2cf270fee,0.030478400088775767
ck_982b0bf2e2b6c4f7,0.002189434297409312
ck_faeb0da678bb86c0,0.004825953674468353
ck_e86ad2fe815b6ed9,0.013231811509897797
ck_70d69e5d1bb99e85,0.011315388644823711
ck_7e9a8924eab779e6,0.9842245421586802
ck_019d5891103e7da3,0.007046533728279905
ck_14f0484b3817eda5,0.0019903170089308466
ck_85de63d278f0fbae,0.0006182806993632311
ck_ae91b4cff57fb3bf,0.007990680541237392
ck_2a6d43b9f883b78e,0.42193917845265305
ck_7a4e3d553e8ab5b7,0.04806281619318514
ck_fdf89dc69f700f84,0.19506068947031788
ck_f92e04024bf13558,0.0010996797028062864
ck_4a522ca2dc4831a0,0.0002102672273325705
ck_68ba25dc3385fea1,0.06740187724726467
ck_22128a4f0d033422,0.012945842550308641
ck_5b52ee0a13c71590,0.0018988485035060004
ck_59472d17debedafc,0.0049229485864095614
ck_9dde2c63acda3ba3,0.0037512953014872327
ck_7510b1023cd08531,0.00968293173133409
ck_071ddaaf2e4e3671,0.004686809183482893
ck_1355db6f4010232a,0.012741671770445205
ck_0a7adc2f27f98510,0.050904986387329404
ck_68250033717cd59e,0.0006624359505879782
ck_7c12de74de30b788,0.3376379165801859
ck_65491367584c730c,0.01489831763274001
ck_e9047964952bee70,0.01743045116961806
ck_5567779d6ba184eb,0.02683680860056116
ck_d6ea026357ec6477,0.00480320666032408
ck_cd7dcc884e283746,0.032188123552492266
ck_0bd77fea8ed75a15,0.011556357836215897
ck_e80883208e8d0453,0.007102944768210159
ck_2ad0ecbacd5acf8e,0.9409713629912906
ck_6c1dbee7e8fdd5c8,0.004600457754368805
ck_ee4d9a7449515908,0.0010447753599211278
ck_636111f7f030496c,0.004352218013915761
ck_2c629c657f73941f,0.009963959918516601
ck_c1c9d3842d758420,0.028706941479373367
ck_e4df7faacdfe8c40,0.02997706185358066
ck_94e8142728e44380,0.015657559640807745
ck_765aaf42c5088545,0.011046671817386522
ck_e0f845159b6e6a4a,0.01863240748698579
ck_5bc07deb82edbad7,0.001024458565653575
ck_713159c5c6a7a4d0,0.9958999895716683
ck_b08afc91d9ca55db,0.01782395760948671
ck_a7bc323ffed2ea97,0.3264050109297506
ck_85ca825f905a34a1,0.034057824369395265
ck_33160c443d4b3f19,0.013564194637391816
ck_832d39c590a3ca75,0.8110291746638734
ck_7d1661a34164406e,0.9879088723460396
ck_c2466fc40fc9d5ed,0.9913095474355165
ck_ed0e776c0926ce67,0.04636277286247329
ck_cdd2ebeec75bfa69,0.11955668229033874
ck_d7877684c7923ec3,0.00999335513332239
ck_7384d4d2406aabf4,0.01174858969753646
ck_b8e5244e650aa81b,0.013469991286355957
ck_25a1ea40b2d59254,0.0010636339966702596
ck_b9e5b318ee4de68d,0.0035244954910445612
ck_620d7ae27af83cea,0.005765709041624557
ck_40b4e264d1a12b83,0.8894271833316273
ck_b694c803b62862b3,0.0027189531438446273
ck_cbeca201dbade3e5,0.019767887668622534
ck_f9b439c9161c3e52,0.003982850148097988
ck_9880410fcd10a28e,0.0004866082847452818
ck_74928f5f91aa12b2,0.07457780590282317
ck_b6673bbe61d2680d,0.015101241413962897
ck_53c8315b5c30acb4,0.007148252791044727
ck_78f01d78ea79642f,0.00835362688968785
ck_8582490d6e365a63,0.012031478561932088
ck_af25c72d16299258,0.0016412187847867075
ck_7905fe8e257b0449,0.03638264339941169
ck_0d16d9349e4a9e08,0.006882057605674573
ck_31b16b8848584e98,0.021926522879516734
ck_67207e3eecc02d76,0.02893079945728573
ck_e6b95ff91116a592,0.009365068507195023
ck_c08f622bcd6de6e7,0.016362285517574033
ck_f9a68da9e0f0bc85,0.0014363834323590952
ck_4072b59388976896,0.013344175996975743
ck_8ec86e853ad52828,0.07126687561180114
ck_4fecb87eaffd5cb5,0.0054043513337385185
ck_d6880578428b965e,0.0717299213111431
ck_bfc82b3c1c9f2897,0.9048010618622705
ck_c340644176ca03e7,0.014014272306591209
ck_321e740066fb05c3,0.5648259860513275
ck_8929d2eb09872052,0.09772277981582232
ck_205c107cec528414,0.3997739446943184
ck_e76db7d2562f9836,0.015922274961354566
ck_9ede51c8434cff6e,0.02743598179588346
ck_492e4b89c61b7b6c,0.006439330834646527
ck_9385f5a1eeebefcd,0.0401038002465993
ck_ee52c7bf88f952ab,0.010586220866799011
ck_d8116c34302021d7,0.0011539945840659685
ck_01645ea51972e99a,0.01902342321490615
ck_7b45ed23304a854b,0.011007246811621468
ck_2096d32f3d497ea1,0.11934177552931438
ck_dfbb2056f1ef7d3b,0.004641032443099334
ck_938ce30c864bc7df,0.0002948218827349212
ck_ff30dda2c881a4bd,0.49031634942637964
ck_f88c79186a082beb,0.011375884549420704
ck_08c7bb0f9851cb76,0.15356402134876182
ck_2675e7a008e584a7,0.026704803155982303
ck_cbaf8a954281d4e3,0.9732199249308782
ck_8b24eadf6c72b30c,0.46223464484286986
ck_ffc8e3c1377d0706,0.007232479647949403
ck_5b59e859bed5b40e,0.025831949265425966
ck_7b61717f172f9317,0.9419418055806799
ck_e5c30947b732f661,0.03906675874909073
ck_bc273f3ce79f7e1a,0.0036848850348260354
ck_f69e93388b3028cb,0.11495806827653487
ck_3837ad850996ba60,0.014142586094622414
ck_36d78ff3bc033ee5,0.007379443890831467
ck_5e20953547ba4135,0.12295794771676873
ck_258d661e450ac870,0.007196762647641683
ck_1df66f537496ca59,0.013697138478425117
ck_361f535599110201,0.007048127676667104
ck_337e98c69f6e7886,0.004929099981563114
ck_d3d5b2717cfc3913,0.04737341924502989
ck_b1dba768dbe7affe,0.045898472808134826
ck_92d782bd9ce0d1e3,0.022323284736192973
ck_26bd0f8898afc8ba,0.0002419142075411825
ck_7916e53daab36745,0.15180630201397527
ck_2caf553b31831a50,0.007806544178203072
ck_c6200734c7f9b2f9,0.9717534689808787
ck_cdc55623cb16e6a9,0.0017215789745743068
ck_57849e15b61c43b4,0.002766011899057641
ck_b7af9b2ee0eebbc6,0.01789287926644891
ck_00aa5fc3b3bc66aa,0.13051203941647668
ck_9929723f65636c7f,0.9951084212021738
ck_8f6cce9f69912983,0.013439994129124696
ck_c422ba389ff00781,0.0007882206397404411
ck_9ec7f334604a228f,0.013245715953973704
ck_5d01200ba3341462,0.0073364260432976485
ck_2bf10be403849c9a,0.005641105170118328
ck_6ca018259f70858f,0.003181371834692409
ck_a54dc042ebb7c766,0.3176034832598268
ck_79da63fc100830b5,0.031231706874212502
ck_67ab6f9e05c85085,0.0046408036368577295
ck_fa80da579ea9afc0,0.008703518616685713
ck_4339f86c87289222,0.4525679960318929
ck_a2299b4f530be0d6,0.2222796287789587
ck_19db0bf788697c2b,0.007634360058962425
ck_fa4211c4d826d830,0.00023794869838153704
ck_96100d5e8e051e91,0.003594080535249221
ck_5c3a671883d58b3f,0.00027118363892023343
ck_2d9524787cfe1ab3,0.30405642847346526
ck_47ab8e51e5b3a2d8,0.0011065669382378058
ck_c924f36bc1bbbaa3,0.006399441176037438
ck_5c58e7f8fd55e26c,0.0009163224475304694
ck_a07e7409d6d5aa06,0.02153650519965367
ck_c8413898f5f7cb7d,0.041129722886279044
ck_577c816b41cab002,0.8385408878988808
ck_9f7807ed64cdb728,0.028110867038807368
ck_495d814d6d6d521e,0.001719535058167004
ck_7aa8bc018c2b003b,0.002951550789646408
ck_7c3a6a82f3c3241d,0.004046585305118601
ck_487f7fbc290e4ae2,0.004960593751404902
ck_e556c4d36aadbe03,0.0014481287940784407
ck_7e6569a1b2455cb0,0.0012199183356463971
ck_de2924955926d046,0.01945382918010194
ck_73d60b4630e3937a,0.0014998744349224219
ck_805ee564bd35ef15,0.0019803140399422318
ck_0d40961e47797027,0.0036497585653193568
ck_f06d00a4f9c87d80,0.0015751323000378775
ck_5ef50fb07b6737d5,0.007159179458151706
ck_16541fc15683e21c,0.0037825772590573364
ck_09fd43f1b7e2eca2,0.0028876510560111998
ck_2a2c336a69b8d68d,0.012837779713411534
ck_2685f38930866af0,0.02947310388709339
ck_298278a9da874437,0.007081820938074015
ck_00bd7803f2530c68,0.014665288730611351
ck_c2b4a1d8c0b6c1cd,0.0015175528055219481
ck_2acb54ca20c3af6c,0.02457160732534678
ck_e3d4b6f681c783ab,0.046337328286158316
ck_f90293f1eba5d7b6,0.04270273685216083
ck_e69d27e8965df0be,0.002379717601718655
ck_b7f5d10b427346ad,0.0027608804378191788
ck_1ce20e4223a936b1,0.0044259030514808475
ck_6b97d1ab90f6bdeb,0.005863885966416177
ck_e30e17db5473c7b2,0.005661035967868378
ck_154c8efb19dee665,0.003417817434529276
ck_6f5bb0c930644cae,0.9978009116741502
ck_9e17699baa83d173,0.0004258927544262375
ck_9693b1eb70880205,0.005301060634265689
ck_1e97899875bb427b,0.005680253944415252
ck_558a82590f65df69,0.001581343027957304
ck_18df83242ff3cdbb,0.03493857748827806
ck_80ad4396e1084c68,0.039294423320316615
ck_0a993bc947bab61f,0.013809490173695491
ck_5c2d43ff841632f9,0.005278838582221474
ck_6e4b99fb9725d9fa,0.011759474970045843
ck_e0983999ca26c19e,0.0608528992695165
ck_6573c4947cc8607e,0.021690855361584903
ck_d879d645d6e44207,0.013085154156257894
ck_1375ad9f10688e4a,0.0008599894254831684
ck_7501ebbf4e21f160,0.014280470391062464
ck_ca60d61cd4dc3bea,0.0023578610233436735
ck_ab9ea095a5c58b4b,0.014940665403899728
ck_23756522b58df5d8,0.0007017277246568675
ck_90bc176c43d85fd5,0.1155414144117979
ck_908b663b2dda94ad,0.03669414810250064
ck_4df2fb8e4b649e27,0.006029529240434359
ck_5615c6bbdef05291,0.22567902302755685
ck_b62f3e3185251f71,0.0015853363861891285
ck_38d1a22850178f33,0.0013361854230190622
ck_5b3ba20c8bb1383b,0.005504972017259384
ck_5576ffc6aaf6f22c,0.00030295576555947024
ck_cf7a022178165e56,0.001965931084288474
ck_f2c7a4c50e2ede96,0.010327872456624981
ck_285719c77eadf915,0.0010779958115650634
ck_f2aa1b677619ab19,0.00885901140626219
ck_3830c58d841e9e69,0.7968359357019151
ck_32eba3510c8eac5e,0.01447128720256687
ck_8955d7b9030d5eb5,0.00934589027441926
ck_6775e387dace7525,0.04013363748466339
ck_0a0cd7f4be606a93,0.022613795798556248
ck_a9f700eee5d638df,0.003003709079712525
ck_3d7db96995745472,0.028755145113145385
ck_aeed557007d52e9c,0.00020826884565322467
ck_79b6a86830156b5a,0.01325268921405131
ck_6a1ff9d69466181c,0.9983164865832678
ck_f11b1565f986f5e3,0.00900244266892714
ck_4819327a78615485,0.002078744244632632
ck_3ed9e081959b2f5c,0.00862785784811769
ck_16af4be191c47d3d,0.0015155809473674225
ck_25122cc0e8b1a662,0.050731365426638635
ck_509c22828d467ba3,0.05356695537937111
ck_31109c899336348d,0.24414667603152043
ck_c51131e53baa59c7,0.0018080712967639301
ck_cf8ecabbc61d3e11,0.009665506345273316
ck_eb6baff0f85ba936,0.022800951801437177
ck_777669e2243204f2,0.8239114195545659
ck_ac0ea27e692acdc9,0.019858912304959175
ck_4c6ea04ce8ca9e2c,0.004114162234239213
ck_ca54b32fca7e94cd,0.004440747358326323
ck_4dfd8947f540eb24,0.011890898338696911
ck_95aff1fe27fb24bb,0.014376036934188192
ck_c7550723b90e5615,0.003013106833657964
ck_57b3fee69bdf85e8,0.002165232680525664
ck_f823407ace7ff064,0.02741006727875358
ck_a69084a068bcc8aa,0.04007608301944532
ck_c7b17f7b24bef5d7,0.024385480239684832
ck_7c4e588f927c27c8,0.03347823403118203
ck_77fdac602d0c6f95,0.06021879984758156
ck_e963d8525018d072,0.017781884301168685
ck_6e8ebaea8f7bffaf,0.00014983931665147658
ck_aa42976a31cb7770,0.0020209334846578286
ck_22c862a496008c96,0.9987808590728103
ck_527550dd15f38782,0.0229374176982411
ck_b3ab3c210e2c7c19,0.020611921194954783
ck_ed9c56fdb9f45ddc,0.2599024721916025
ck_b53281da70defcfa,0.005360724087063156
ck_03009b721568ee98,0.021125572936080843
ck_3d9afd862b3f4053,0.33396260009640044
ck_ad3c4be96599554a,0.008174226975016487
ck_d1c787c27d50af49,0.020096474162107622
ck_c7a9c7b2eef46a99,0.001638195074521056
ck_53036d3c6c74446c,0.3128175192460984
ck_1b1efbd9c0964c8d,0.04265353962655319
ck_d66f42a269d5c1ed,0.014166093632371826
ck_fefc49a2b8ad993e,0.015435390676914315
ck_8b3b874249adece9,0.03764084330408706
ck_193d9c87ad3f1dad,0.0004230483973902267
ck_0c6a50d747593b7b,0.009806208445818278
ck_c830f3830875b47a,0.010132281898719163
ck_79e202f06d8dfe42,0.029991699929144758
ck_5c0fe988b8aa7fcb,0.2294320073476144
ck_a8382d8345f21e1e,0.003142147126411038
ck_8cb20053914692d0,0.034289199481473326
ck_1da2f69023ca4c13,0.0009405047034742255
ck_38abb60995114f8f,0.02893608262403917
ck_f5791fd8fd8fd191,0.01858721820304556
ck_a4e6fc391b674335,0.912673250036613
ck_bd771efb4a7e15d0,0.003938801848180869
ck_38ba4a6b6a292054,0.04822443793613039
ck_f7a07283345a0dce,0.006029751992157118
ck_87dc484baaf5a23a,0.00046149255074615813
ck_c84ef83489badbfd,0.02304993020571019
ck_a397cd64ec5d644b,0.004617595432908151
ck_7977135c2ff61e92,0.01134470013210352
ck_52174855b243a8b0,0.054536549594536694
ck_0f35e930d0614613,0.9899974030576941
ck_b170a7db522a0d6f,0.015279257652428628
ck_7af748a23775bd54,0.0469902322338035
ck_52f641c9ee6fda70,0.003926805025063004
ck_c3719a30414bbb4d,0.007992845121861858
ck_2baf214ad6bc0dbf,0.05328322060801289
ck_8b39d8aacfdd72b4,0.0037954489279552733
ck_d39b0152116203be,0.012219040347911728
ck_ed33f8a937f9c7c8,0.008293349351525585
ck_8ef97b55a5fd6ec9,0.0005752285292802313
ck_8247f008a14bd1a2,0.0024840692179404424
ck_f0d349d68249d5db,0.001120320185269204
ck_a544e766540861fc,0.013979176231540926
ck_9dfaca4c7c80b10d,0.07104999443350879
ck_7e5401c362b2216a,0.000492233655276436
ck_64ff60c073fdb6db,0.025975172086690757
ck_fc5ea49518e5d637,0.0014652374125800735
ck_580f136ced341298,0.0018703405843115183
ck_9cbef9bc95449dca,0.005024745958182946
ck_e475a3b8ba870a7e,0.004321145640458434
ck_97e94708bcf43563,0.005015666341819066
ck_13f03ec785cbdae1,0.0005210201877690373
ck_152820d8817f478c,0.012227653158009253
ck_d20d4ba60eec9945,0.008296210844443668
ck_5c45968a805132e0,0.03808223089309846
ck_bebea2cf3063fb24,0.006977919727775119
ck_c3c69aefe7ea1d2f,0.013436354753524659
ck_02028b72f26fe855,0.00965513029543644
ck_dfadff70a58a9133,0.001717549215539839
ck_6482ed4491bedcaf,0.00611928015639433
ck_754cd7b4a5ae3f94,0.02297402403728042
ck_3132857aec8485bc,0.0001436694027329972
ck_7ce4ca91b8f9f1c1,0.01105841021496981
ck_41938582f4351772,0.006656076140931467
ck_f87d66946252476c,0.13212879571206856
ck_8053f1879a9b4e43,0.0015707008007919533
ck_93892e91387f5103,0.007170006650904969
ck_15254db133b28371,0.05816321884412126
ck_d557b9feb241b3ec,0.0006181487286564323
ck_71c3a8e4c12c989f,0.0021148452612005483
ck_80e3041811033443,0.019360665215058092
ck_3380d60067b4634b,0.000755671794106453
ck_a9c2cdc758df8510,0.036292144072814926
ck_3c0031d7514da17b,0.01899957170042063
ck_18d214b1418be39d,0.002395903980926572
ck_7ce768407fd48321,0.01894383047952054
ck_7a50abd42298133b,0.006267780909924478
ck_2db10f987d137582,0.02811583179600987
ck_e077d004cd1d80ae,0.004160413828262805
ck_1cb6dc67f9a321b5,0.07906982107910072
ck_b864f64101149c35,0.1549632948802677
ck_9bedf54df9418e4a,0.0038959947134137515
ck_c47e32c47f0e6578,0.2234828824824753
ck_71f382d5e338daa3,0.003876762672731398
ck_14b4bf7be6ac2b61,0.02658932369150998
ck_5c87eea1cc07cc92,0.0326220542111321
ck_5f445182829ef342,0.037079606957648205
ck_a5d7311291caaa54,0.0030236792808920085
ck_b7df99aecef385e6,0.1571805280187258
ck_3327a0582407068b,0.012813799000916932
ck_08dba09fd7dab896,0.02723583228331342
ck_f4ec334be5266378,0.0037511128399254764
ck_240f7f894c5a86e7,0.002198961149781797
ck_a9d994554fc14a02,7.121802741789454e-05
ck_13648cbd306eee6d,0.004585546513054189
ck_601edf9105b3c321,0.992296035773991
ck_9527adac182abe57,0.18399100866146395
ck_4e0e80f5cc271bf7,0.0005435388247518519
ck_96a89e720176b389,0.06374896362356594
ck_63560eec94b76d2f,0.011390572937820132
ck_c9c99e5b19aeced8,0.0007504395292546995
ck_bc32655ee5ed643e,0.016206504583800685
ck_edccb5a93b741744,0.00871677338098397
ck_f786cbc987b70930,0.0006568207468860142
ck_0e8f26536ccc8947,0.037013627749424696
ck_b87ef4b98cfcec4c,0.037750128182190694
ck_1a9235812de4b2c1,0.014984327055646503
ck_d1ed88ea4211ba4d,0.0042645989429669455
ck_a4ddac49657a4450,0.028959585449063796
ck_d9ffca35188e49d8,0.024386647058388878
ck_3db73bbe03c3d240,0.00158469594085828
ck_fffa0622344a36ab,0.001133802343592874
ck_148c28df51bba5e9,0.8869791925455371
ck_076cbc25c8f15fc3,0.9525641720170174
ck_e5ca550b39ed45bf,0.5543849269698126
ck_8dacf3a2061ca17d,0.01324582536037316
ck_2d7394afd61643d0,0.004023216240878223
ck_e42206e91f6a1752,0.0011378327304624848
ck_2f4f94827984c426,0.0019944761114750013
ck_edfe8e90e8f4366e,0.0006666816703230003
ck_646b15f753e5e9c6,0.060393361633140526
ck_66600620149c8799,0.00419573223195315
ck_4ff6fc70bccfba96,0.4432938611886423
ck_41af3729590c2484,0.006190434494562942
ck_920a48ba8c583e96,0.002102409528872479
ck_0253b3e7be021306,0.0009153039707480508
ck_2ae6949246ea2648,0.005619448676637617
ck_db23a5100f338d72,0.017745816121416104
ck_fcb2a559474c3493,0.011780023222571758
ck_0a4d7acd2a53cbbd,0.008212133801185057
ck_c5d62b2b7a6f3bac,0.9923258408217546
ck_cf59f4fc0ea690b2,0.0017476073678058697
ck_837be8126bb19250,0.0018330332090879806
ck_58955542edee1adc,0.00462402397670006
ck_1b93381d8eea58d1,0.0067900626263701505
ck_97b8e05d62abdc14,0.01649800463889057
ck_71a0d645744302a3,0.0056655637836867685
ck_a7b57882ab66b111,0.0008715636498450815
ck_65f76421be648549,0.010739089376241613
ck_b53ea8713d32ca7c,0.013033718878816752
ck_991c4c924a1d85ff,0.8694949839986206
ck_8432ccec1a4ec7fd,0.9940872377317712
ck_64c1633297f43788,0.0007844441705930781
ck_4291fd9c1161d8e1,0.014241183582805909
ck_5e98ed6391d9f429,0.018813584278393736
ck_c7baebe4549fdbb4,0.07466183605671307
ck_6e67225ba59fa5ae,0.02521154247973365
ck_719602def4d35fe0,0.034305763205434436
ck_bdee7c86f5ebe81f,0.02447538493010199
ck_8de38f8c7f91961f,0.08481518158615599
ck_b0b5bf9254700402,0.002881127740641767
ck_7b55d9bb1a250d4f,0.023427158208587397
ck_3954b7b0fd1d6614,0.0004679187710175017
ck_f29471fe7c818d6a,0.006742580334801074
ck_9e65a8a2f587691a,0.0036984555568241734
ck_eaec5f1a83b66eb0,0.09844928788952645
ck_004fe0daecbe2c1a,0.3099803142475457
ck_d17653a4a2d4a79e,0.02436908256879334
ck_0dd417fcbf19e424,0.026876587550733792
ck_4c99a6eadea143e2,0.12204994410428702
ck_74d602c907ee9119,0.0009077038350976676
ck_1aa87cb62acc0ac6,0.017036381178914508
ck_094974d75e29fb2f,0.07313523064942534
ck_5ef935ac3d4d3332,0.014790108528131864
ck_b26e4ae47c9107ed,0.0957812260558677
ck_396cea6f95186ad2,0.024389158770629603
ck_48446a9e8184c7d4,0.000553775577464717
ck_31e1ede23247d56b,0.04419807034748397
ck_7afefa349b960a3e,0.014977875089646295
ck_f5e02a3432571b20,0.03991652918660319
ck_64eefec062592c43,0.0040021148951768955
ck_a1201284122c141f,0.029930172510833207
ck_1b34c420a4c85a95,0.009357574656935607
ck_d637a011332ba67a,0.005693862284259739
ck_99c0004d8b7079f8,0.003746274305702929
ck_948517bad569b40f,0.04433220615048508
ck_a28d6b1601b472a6,0.034867938799622786
ck_a0b4209feb31f5c0,0.997871789055341
ck_d6d2c1f6dfc455b6,0.6482100365170783
ck_3f9e6d356d3dd3cf,0.0013672374810317562
ck_d08e00c842b75176,0.004092743041786509
ck_bfdd232a7c5f2660,0.033799304745585616
ck_2cdad03ed069438c,0.025855623632767888
ck_42317c3eabd0a285,0.9602782367164265
ck_3eb73e56751c704d,0.023557906827809203
ck_ef33c04f4c9e3758,0.015852264524181297
ck_1dc23dc870f1773d,0.011715986048246375
ck_76091f357974a152,0.006098874673131969
ck_4d9eb75e8eee90fd,0.024065017971384325
ck_578f67e69e5d2cfd,0.0039049639302123707
ck_3a8ce1cc724229b8,0.0008403148682682393
ck_a96887f841e80fc1,0.05863481608111151
ck_d2d4a8f4a9f2c33f,0.007211505264212132
ck_11f85bc705dbe036,0.023378649698948407
ck_7429b3f87528e335,0.004808039820525072
ck_26df74feac7ec51d,0.022913968918786255
ck_c78b2638fadd91ab,0.030319095685310396
ck_7eaad325abe3b50c,0.0013377419828084942
ck_fd44e34af620e606,0.056477395412275824
ck_f99738dff854e25f,0.000531124003113805
ck_1ffbce3a239bb264,0.004757078858478956
ck_96c7d52ba0a766ef,0.023123530613011423
ck_cb1c00c300af3f9e,0.01799821705664591
ck_ec3d12848ced99f2,0.0067937551507873785
ck_26cfd7c3c6c7bf69,0.008771138675342958
ck_7ae86b5a885affc3,0.01426858650010414
ck_3edaa94d28cd48ea,0.001172211275830411
ck_3209c530c9812e39,0.004252115815723625
ck_ea62ebfc1f04b49a,0.00451902180768372
ck_5fc90b4668ea81bf,0.02338280676085274
ck_95654593cdebd141,0.0011580974727664656
ck_958c0bd61820147f,0.03342567961617796
ck_8440ef1386c07194,0.004510746645379996
ck_8cd1b68dd74b1375,0.20937091057425253
ck_c9eb4df91ff07f2c,0.01023776739336477
ck_c29489366c01fe65,0.9268405353071634
ck_c965fd6bec0f0ecd,0.02511606220706664
ck_84c402b23766e1f2,0.014887919142020024
ck_181f3dae03b87136,0.04930705546695479
ck_022a8ae79eb28cf6,0.9313715234599522
ck_469c17407d17b706,0.0341300111773945
ck_1fcc5843f39148a9,0.0039985788618153795
ck_5debd55f361b2ddf,0.0023111421988777133
ck_28cb9b03e89263f1,0.001444575459349649
ck_f067470743d3c7a2,0.060109029958968385
ck_d5d225ce41a1a762,0.017636549684339222
ck_15b4840922195ffd,0.020881881387033917
ck_6bcfa37c717f19f1,0.02372898078143698
ck_8d501a0386c66be8,0.13058697921745924
ck_1a9d6190c57ea7e2,0.2961043213451666
ck_c49832eabdac5bb7,0.0007416559341162991
ck_b4331140b2e0d4aa,0.006761752559398706
ck_5efbea1befdefe1b,0.14775449273697122
ck_72ff52c4824072ce,0.00963287765411459
ck_ec3715add8bbb6e9,0.00048813258972158424
ck_9822f8ed05335741,0.005293098454868136
ck_c3d7d3d12a1981a3,0.003394884777229122
ck_a115a7919ac5875a,0.045053917541045284
ck_4dd4ed23e0b927b7,0.12001978614643648
ck_4c76efcc1ee6762d,0.01478027103192923
ck_3ad6e7bf452c9b21,0.007168520525328958
ck_dcbab304b55a42c7,0.01532776391063789
ck_24b53090faf722cf,0.007472616207544216
ck_187317383400491d,0.0022333107508109803
ck_e07fd57565c94c28,0.05360126513544836
ck_740e760fdcd27835,0.00102017831344341
ck_d3796aebda1cfed5,0.9457768229307216
ck_e541967c681cb929,0.028901007227841977
ck_431118050b834dcb,0.00016780253518274335
ck_90f3655f0c8a0074,0.0011915597669587353
ck_13cd943777651aac,0.010160169337939347
ck_66accecabf3901c0,0.02751796377491965
ck_937f0da2306b2eb9,0.011355291233154334
ck_105b0c93573fd5b7,0.9826312765598083
ck_00480407160e0743,0.002606131867548622
ck_e032068be7b77d15,0.014418112508717124
ck_991b7dfd69098320,0.0006564508140732787
ck_37d47cf0f34574a2,0.0012173236407223673
ck_011551a596544f5d,0.003168841505967296
ck_9acd98f4fe2d474e,0.37965374251500295
ck_7c88d3d377bb61bb,0.039198930353327555
ck_e2374c7136c964fd,0.07208350241432375
ck_2fa8f2577116e9ca,0.06404771467750078
ck_d07c5b0321c685ea,0.09405151957215686
ck_bc736114a31088a7,0.025642874045164667
ck_32bb42f9bff197f8,0.001267077909127483
ck_66267bbad1f1415f,0.994675486443574
ck_19988702ccd79201,0.006969352645235979
ck_f473a03fbcdbc4b0,0.005546851119600977
ck_e3f1d85fa5d49396,0.006912500473036024
ck_c4402ea6291df271,0.014809238365923141
ck_243bd5ca8c4ae5d0,0.0016362425456429887
ck_f271e855925e8d6b,0.12625213055721582
ck_e424148c6f2223df,0.002879021935424068
ck_e4d0a9e1102a58b5,0.003499148454020243
ck_91c2a5fe69b9b1d1,0.008035318059006877
ck_5fd8924732fe403e,0.19834286882095464
ck_9a881d5433126ada,0.0042419588832449595
ck_73cab88b29c7845d,0.030200710399121023
ck_5b5dea6476d4e182,0.01451105053656211
ck_ccccb17d2ca6ce94,0.04575946761623944
ck_cd1dc68e441222b1,0.8317972125113652
ck_8312c49b1431a406,0.002910637146491614
ck_25fea39897f2a559,0.005719157883040033
ck_f56200205280bddf,0.042598908934762626
ck_7336611650dcc088,0.019934962010175552
ck_590716322ff147ae,0.01846161066174164
ck_c82364d87875a1a1,0.019510726390197516
ck_fa4b60387d744fc5,0.000723547256239784
ck_d841eba8906e9a15,0.0023216549990947247
ck_d6df562a79b9d0d9,0.007748780005273214
ck_59a14d2564193101,0.0009053502045848947
ck_8530158e3d7f59e7,0.0033135797706959277
ck_ac68d707006c12a8,0.009305413090891161
ck_976fac1bb3dd8c58,0.01593403210497705
ck_f854fba8f4adae3d,0.075570920475325
ck_b98e9c3ec6e7d1e7,0.012070307205629797
ck_803c0b4cf9d4bc1d,0.014172276255656318
ck_76997a33c3ea5107,0.00025282498520926954
ck_f1a9d832b700bda1,0.939677341631565
ck_2bd96ddb8c323d63,0.9871626071283527
ck_9e5b7acf51b1b743,0.003727620335620921
ck_09169f22194fd6aa,0.03724806558881033
ck_6d69e092f9b0848b,0.015776527394113088
ck_9f83fa5a2d3b9049,0.01201442745555147
ck_57bbb19eecb4b87c,0.0027612328658572446
ck_e0e9cfabb979f428,0.0038100138751282825
ck_b1ff9edc51d42f97,0.002876758269450039
ck_4682fad271d47eb0,0.9594446364320625
ck_ab33fb754c818ae3,0.061950941480294265
ck_b456f62b80e21557,0.0004688646355102279
ck_16340be3f2a7fffd,0.0014025025578092726
ck_ce66831f6611014c,0.004487097206592689
ck_4610a073bb54d1b1,0.011433568342608889
ck_fd038a7d33a9d6e5,0.0006715839099175685
ck_c8198cb4c461304f,0.02324945418548138
ck_1e7de58822000dea,0.0007847071784396305
ck_b2a79dd3df560f14,0.08740586240971213
ck_74a06f347b32347f,0.005541623066299909
ck_c6fdb2972417c9bd,0.023114553348523796
ck_d7607a213b800bfb,0.04392724089469072
ck_df65967b8b40319c,0.0005528637069000179
ck_329a73dbd585ee09,0.0028099968243690938
ck_74991a9e85c3b07d,0.0070867007187539735
ck_bb76609b79e0bc9f,0.002607008735627073
ck_f7fc1bd0b9ab1fa4,0.01889219108857998
ck_d111c98b36bdb791,0.002482153303809121
ck_f07e27d125497b66,0.008963125437250221
ck_093e3a7134e11d6b,0.004838824359411955
ck_862c7953bdea48b0,0.006016591845221523
ck_392cf2cdd515c34d,0.013026361287965237
ck_80eb91b0b4001084,0.034369658199053285
ck_5923f53b77193a58,0.1409461666182446
ck_8049f5fce32be185,0.6987990703480746
ck_ebc5a2c6cf88e252,0.20625171578339394
ck_9ea5872f14cce338,0.007894811267932832
ck_f7fbc95ebf584379,0.0037484313036938942
ck_bafe82c870356706,0.9852988006638843
ck_278b36c5932d9bff,0.001277765037393092
ck_6a892dd5d05c1649,0.003967874954126656
ck_0734fd90b2cabd43,0.007442235736303784
ck_9b552204498b6762,0.0174856486616005
ck_f6c909c205767956,0.013889218673072173
ck_32f590e87bc3d715,0.0001010579039193156
ck_66a8325f28be7562,0.0009898335629773356
ck_b129261da9c3c3c9,0.0007675522329527785
ck_a524071c51ddde20,0.008328762493190443
ck_ba576d6d4cb6130b,0.10699376627029239
ck_8d8226520722af78,0.02473094220911274
ck_c5b0f0d4f1655a20,0.01952562852348339
ck_61814ae9b6d8eab1,0.0058051908731692695
ck_382ebf136f7fa337,0.2630191797821735
ck_423ff4ede6a9f066,0.016390396160389037
ck_546ad962d04b7de4,0.9592348905136214
ck_9473ea4a01c95f9a,0.04921167807961139
ck_9eb1da8cd35a50ce,0.008788566594200468
ck_de5eaa2cdbcb67ff,0.11363406045251238
ck_537cc97d0398c922,0.08760034480758427
ck_998475a2e4dfad4e,0.007513345906886346
ck_e62eb708d2688fae,0.005939030839644626
ck_ea623358f704daa7,0.12285153528685082
ck_b911a09f328dfd4b,0.001932669506720421
ck_4b3506b624e5193c,0.031040433371204847
ck_448456f96788713b,0.023936754826883514
ck_5d5ef9e75f65d076,0.00737504091054834
ck_3b74512f774a6e5a,0.003552958512045997
ck_a032e8ac1507c6df,0.5114810357402276
ck_7e2d6b22a0ae20c2,0.06350012685297697
ck_d80283209c963f11,0.006163577570551271
ck_d1157eade2ac3975,0.02125198748249843
ck_be48f583f79427f7,0.023524252123457278
ck_0027b5d4107d65d8,0.17045152806775832
ck_94fff69584dd3b2a,0.020884682845254087
ck_75fcda73f0b43557,0.00697628498564682
ck_a1c78972e4ee4082,0.007991414931971945
ck_f0982bbdbd122f91,0.015290958782951926
ck_3199b471575aeb3a,0.0025750209672337205
ck_7fa947a0b1c1cf74,0.02472681191000545
ck_a60c618b7f0e4252,0.001461177915569594
ck_722ac47c8ac9b6c3,0.09110488771343359
ck_d44dc3839a195c8a,0.03526987192321851
ck_a2c3e82fab520483,0.01121678342317019
ck_6f8ae0319c07cafe,0.0010039836581072735
ck_49886ff1e2c759d6,0.0254299833024574
ck_150a1108f936e6b0,0.0021124294232759953
ck_e21f9f96f597695b,0.033025146862559245
ck_7297bff2b7fdcbc8,0.00020355625746173008
ck_ee949c71f4f702eb,0.9786421317176128
ck_6fc37dea4b4f35c6,0.08460055497420398
ck_e76257caa98dc25d,0.988550090027305
ck_828eef2334e17b3a,0.018720300260745313
ck_604e1b8a8c693aa7,0.005438999837424352
ck_7743c9fe037d1f9e,0.00978911866625649
ck_864a11202e19e812,0.15714162133204967
ck_4ec040b9e3785e4a,0.0021502257314709515
ck_7346e4f820d9c00a,0.8647853829103945
ck_48d4d63beb26b623,0.010260334200730964
ck_c423aa6de3ed1e01,0.0014239264040679578
ck_d74b2ead8aaa3f73,0.014160287690665593
ck_1dd69a11daa7bf1a,0.03762745733178146
ck_d9143e236eef177f,0.018963100728658887
ck_f790d91e5ff0eccd,0.10600345906390744
ck_69b5620e00ef5dec,0.0007565826994638296
ck_cd32e58e8a1c0e85,0.006165258710638031
ck_064013b0957d87a5,0.9946030800466142
ck_a481385c2e60dc4a,0.0017538587276418193
ck_d72035cb29db3aa4,0.018287639899543316
ck_3759939a0205306d,0.008962269256005807
ck_f437a53fc832ec95,0.791648635511381
ck_260ef2f3e6434819,0.08008452643296514
ck_35e411b05d22f663,0.013622960981364517
ck_8bf46e472f3e20de,0.08014484380926527
ck_d546994fc5d3e9d1,0.02033631858079959
ck_6ff0fc7487e737e7,0.252314661772415
ck_5c67f27816ae0b6f,0.004134732766359026
ck_c5517923458106ae,0.004371699744408861
ck_d9735647a6b0b0a7,0.32946822947623683
ck_541a734fc457246f,0.03018957496194496
ck_2f6a639468f41043,0.00319706555540077
ck_bea2cf7a6b7bb900,0.006957393266273661
ck_7eebd0e6ad6c070e,0.005152872376820053
ck_b64c87d5e3b10e6a,0.7742342552619674
ck_9dd7daacb7833233,0.011925846320775464
ck_396e9ea9a6c6d7d9,0.010435625940478421
ck_1645e6cc53fa99ff,0.021989010468232213
ck_ea2a83ccb8d57490,0.0031200931733741683
ck_e64f0df63e1be595,0.02356754702182866
ck_fa0b234481cb57d3,0.05519786622498895
ck_63379e3c9fe6f711,0.014637976600549007
ck_c67f7944896a0310,0.04917102201261506
ck_c10e54c9db29e6ef,0.9978367107225824
ck_7184ad7709ae4c80,0.019054634584041837
ck_f8b6069d7577fde6,0.0015932523621029952
ck_18444be153bac1ca,0.8488094213376393
ck_d0982b4e0e118e4d,0.01230350323894137
ck_6faf3e6820398866,0.01069453034554711
ck_97e980463aca4644,0.004038278820750359
ck_630c835243c66b19,0.9943953642567372
ck_fe429ba3e1aa0e4f,0.013357872065105462
ck_1058129ed7b48c59,0.011582142328300927
ck_04a1a46f07885296,0.01123833073030746
ck_f01e94331067edf6,0.004219569659513561
ck_77b2fb17c29f5e72,0.03164363908302658
ck_4f0c5857da45fb28,0.03964479988353098
ck_2cfb9a7775e8a5bc,0.9757618488483462
ck_6846100e43659bf3,0.0021932401787774416
ck_f89719a854fe11d7,0.02502519789704763
ck_bf47375e41ca3bc0,0.0021549727506487656
ck_2770b0400a7bef08,0.02740062874167908
ck_2a09d142de1c77ff,0.022170119497133118
ck_857a1f5547b9ad68,0.012335204728533028
ck_185f15b1523bbcf4,0.0012189100033029542
ck_ab2aed614ec1cdf8,0.021245265534192134
ck_a9e7f3b2d5dfd97b,0.001737573247212961
ck_0eeb3d9b3e697edb,0.011898349905570094
ck_fa5830d81bc8ddc1,0.004622402285594225
ck_231ae0329ebc3220,0.0032256385624704117
ck_1587763dd54688c9,0.0018223246267676486
ck_9f85fea4490c00cf,0.012253331713134698
ck_a2d709e7eb91e4af,0.036578035884430524
ck_43637d28c7216453,0.003470021375494393
ck_f3ab5dd853d38252,0.04038218499924689
ck_4a1f0172d3bf4fd3,0.003120698725854786
ck_517620ca16505af0,0.004577544185964039
ck_9ae904fbef56065c,0.002026540361341986
ck_d5ef1f6e34bb35b8,0.025769861924434343
ck_ff42557857ae3aeb,0.0008795038763066175
ck_ad9a18f58589faa7,0.0033117208885588994
ck_df1a6edaa3e6b271,0.004622210564855684
ck_99021fe7225b5a68,0.14913461479880863
ck_99e52c3c2530b69e,0.9878650737342056
ck_3a4811dc4a1a891d,0.00617693952321098
ck_ba3a6be026c87079,0.008729720676461895
ck_da6d1e5cf6aba6fd,0.006544469953784689
ck_ddc7c1f3d45fe6e6,0.012549181166358028
ck_e1b1e7a7e4a15b3e,0.006600362906095209
ck_8288f7f226e08b89,0.003657662486713233
ck_c4524993ec31dbe5,0.0031467403670583064
ck_8b19bb5b23b6741c,0.0447160133527711
ck_d21b38231a8a9f4a,0.04273945433479939
ck_3f730318a9792292,0.02409964349229526
ck_a4db6e94a8f77f9d,0.05708028469015683
ck_a8cac8d480306839,0.002501784887719669
ck_5472214011fbc2a7,0.001837087078547255
ck_7356f47dbbbe7904,0.0017935981871760667
ck_16801e628e883d78,0.005755199927506928
ck_0dc1e536231c4860,0.006648240534573554
ck_7cd0634a6e60af83,0.007402616991432289
ck_ef6f8e048ae1bd4b,0.007584641313628654
ck_82f3f744209888ac,0.014568555700202348
ck_f33188c232a03526,0.20743201195897557
ck_4a59f4e10bf45d7f,0.0009259333684929363
ck_d96c893721385e4e,0.000667186434492596
ck_f65ab819373edb37,0.014705500164224403
ck_21cac21fc10b7768,0.004487430299518753
ck_139b54e6ccbdd7da,0.04559879965350133
ck_d6f5c8741697abb3,0.03429639132533118
ck_a28d9bb5590d458f,0.18101219607912233
ck_ed26d906883bea0a,0.0038784459822187815
ck_227602ad072b838b,0.0003878563778472255
ck_39d5f6c17c745ab1,0.0015784722693728281
ck_744eade757ba69b5,0.042837180066296936
ck_c1295d97cdf35ec2,0.004118516561348855
ck_69105f881da3c821,0.006819920155946453
ck_933789b55361d7c1,0.7540327919970524
ck_b667952253503174,0.004714779418256524
ck_7bf668e25abeeb05,0.0025971065856995076
ck_91742711dfdffd56,0.011950596113306112
ck_af32a0660090dd68,0.03768566741279237
ck_2122f201e65f76ee,0.005512859514073008
ck_f48acb73a5d6af07,0.023297881217102207
ck_337c5684510cf432,0.06962725741525058
ck_f7bde7265053364d,0.023785691200530014
ck_c190c7b924edba75,0.029771102285839107
ck_044fa3b3a003f0b5,0.03255519242294419
ck_87eb43e3b9d96169,0.047334818155822855
ck_2d3d6c9364362017,0.0007272825068825699
ck_ac55dc6cbcdf8228,0.004237612218590555
ck_61d7b0568ec5d6cf,0.0269150954384196
ck_89c74feeaffa7d09,0.0010837887052390282
ck_93776b0c113f41f0,0.06654497263757778
ck_15e0b679931f7a8d,0.009992284825383207
ck_77b56c49cfdb1d81,0.05912060535555654
ck_73188a826b5f499f,0.005491678612941333
ck_4f463ef25325ddfa,0.43605827475091535
ck_863db2e394dc47d1,0.9933080336927901
ck_d52432ed597f3cc9,0.004307966027792866
ck_04fb61e5739642f8,0.1669473379803131
ck_2e481d75d110c06d,0.06302808755733166
ck_3fa1a523d77cd619,0.016806952454065823
ck_466dc6274fecd708,0.0069988896676617006
ck_e1790b3aa2241b10,0.8832843543841438
ck_84ad096a46e1a960,0.04991704080406185
ck_3be72c9c178fa00d,0.020008524841734748
ck_5a17c89219d1d9fe,0.020383457979913304
ck_4f639f4ee6ce8d9e,0.037105405303146675
ck_f4ec4a935e51b4db,0.015169835155291309
ck_f04040a830f92bac,0.011183289725172591
ck_3e4d02a04be2aaf8,0.023358587981831103
ck_4d1baef193cfb900,0.04479904254062992
ck_0fb3153d37626b75,0.0004665012131504473
ck_88ec57a11b11f702,0.8958971975823407
ck_dca9dc465f759db4,0.001924449030014717
ck_64f5fba6af67e024,0.017973828997180277
ck_896096cb167254ef,0.02466491463834262
ck_7878679065876b98,0.029457732335905693
ck_fe8e5a6c880ceb4e,0.00766579389082899
ck_a5e036327d3d1862,0.00044109410763068713
ck_310f73940fc4cf4f,0.013206685620897132
ck_46a8db16ad00b749,0.062059620279932656
ck_0d33977c3de8cfaf,0.9980118954095648
ck_c6fff412f531db0f,0.0005640831010872895
ck_bac6dadf428eaea9,0.016012480651631578
ck_1b96d9af0d7da2d5,0.007101374402774851
ck_fa8a4a9e77799fcc,0.0012911637570311235
ck_0bf48607a874b4d1,0.0023726592643411224
ck_eeb75f8a6439f65e,0.024859503936953065
ck_a209a5f7d172125e,0.0086257032235573
ck_8f346b72fb40bf14,0.002791974060990566
ck_bccbf9fef367f00f,0.024344229613902382
ck_2d1548f1ee405cc9,0.008057329631551187
ck_e8298ff2dc1e9d50,0.006272258657582473
ck_77c0fb524edb4a94,0.0030461176291942376
ck_28ac4c5134cb8e77,0.03289542124229151
ck_db23a0e3e54be60c,0.28405865755126286
ck_a059d00cee5cee99,0.0023030961984525523
ck_3e9e3bba8bd363af,0.0007966875886861511
ck_0428728df24cdab4,0.0012085266217132565
ck_88cd35378075c84f,0.0006398426711103106
ck_0174d76398d9dc0f,0.013961758039833483
ck_3f1287e6c27de0dc,0.010703348663234268
ck_ff822700f3605e06,0.9990974735862791
ck_4563227b2038ae07,0.17176817684098147
ck_788e78065526ee19,0.04081070117684989
ck_8a16eb584093b12f,0.0007888952103528019
ck_cc276f71ab6c08fd,0.026466942280518782
ck_d61d97b21002f3e9,0.039886937768623724
ck_4b2e87d86a5e415c,0.033060764104156974
ck_3e6f35e4500d2f2a,0.0003660394855402102
ck_3acdb083e0d8ad61,0.0018894775142844983
ck_cd655202db489010,0.002777553410647413
ck_829cbf5ccda481ae,0.004161869173331764
ck_f5882e6f98b8b4cd,0.0006621714427486803
ck_767947540b234add,0.008873808116378196
ck_a6e8e8f535b1f1d1,0.026351008528416084
ck_58412a2674fea506,0.01154578930173391
ck_fae7e518a585fa61,0.010869890255298342
ck_9c60ae6958d68dbd,0.2598877966580228
ck_328696b8f5e54ec6,0.0939914969511318
ck_7df3f8f4f1068d62,0.0030115540616327337
ck_cfadd21458230ef7,0.009061345168858643
ck_7048bedd554c703b,0.002685621989565775
ck_50422466f145bfd7,0.001222700760909477
ck_61e1f7168cd9ff25,0.04538256557603635
ck_733aff0f56f5b3c9,0.047629425147911186
ck_e14892e424180549,0.001553917009934444
ck_03f6664a96de7d0f,0.011401152053054826
ck_b7f4baa2cc82fe61,0.004271240829366153
ck_1e51199a075ca0fa,0.003142972395222671
ck_0e70516fa07cfb17,0.945507371625712
ck_0f37c554a5057801,0.8805332321620638
ck_5576b725de38d106,0.0058515938345907615
ck_82f360df1e9f4eb8,0.08151342853172021
ck_395f3bd4aacd7ca6,0.009977703156946157
ck_5e8e857b63966609,0.16120486581484944
ck_93470896f0804b6b,0.9263394187568238
ck_3be854e42e76569a,0.0012858654579062817
ck_0567302c57a2417e,0.057934965009996314
ck_ee535461b5f05539,0.3105662133516409
ck_94a096c36162a153,0.016767745402615622
ck_dfc8f5c141fd7c63,0.016861242838690324
ck_98b34f2d704c1c2a,0.01579150103763722
ck_96dff7a09d45f116,0.03582970436912513
ck_79557434c129ba52,0.00714577017282146
ck_4596624a7c01d501,0.014660319099025541
ck_04e89fbd739243fa,0.0016137599899393616
ck_6149ffaf18872dc8,0.0008713842715992911
ck_cd78f0832a09bd8f,0.23567847889051957
ck_7e29c10d781c3b41,0.013310291703782113
ck_1f7ee7b23fc6f2f4,0.01452330897287104
ck_c49b685d2b3ab89a,0.004996174505378346
ck_84569a8fc50e73ac,0.021164057473701234
ck_b92b11d205af91eb,0.0005863466599654793
ck_06280e6d6d2485b0,0.004858471858240285
ck_3c08546dd0c92863,0.011000361181717322
ck_99d3983f907828bf,0.0027544177713410356
ck_eccfd552aa652d3c,0.008902796063440827
ck_0cff8153881875ba,0.016852539654078662
ck_c1aebbeca6ab5ff9,0.007638928342816195
ck_538fdbbb3c2bcbbb,0.025258375314429215
ck_8c0210322733c718,0.003823909986765435
ck_0b0c93039f987abc,0.015279362184941539
ck_6d07d6d1bd227d37,0.10024150042323404
ck_9b6ee35e8cd0b11c,0.0030927602703338633
ck_d838491d3d4f5ecf,0.0037881887390190444
ck_0593ae243a9ebee9,0.015933063985262765
ck_ef261fc09be8eb0b,0.0016602086586636254
ck_d0935b571a4a3868,0.012566310633098413
ck_97d04a67a104af39,0.072073189981809
ck_e25f70d0b7229420,0.011777179451162715
ck_9b71274ff83de482,0.9970038769398829
ck_6de2aa2bb60978d3,0.021985470075244946
ck_eda55c8fb47593d7,0.007780934371928846
ck_924e572517515f19,0.37046732800941257
ck_d6f27eacbad310f4,0.008944064197564463
ck_8550f229b5eb03ab,0.009185985684076413
ck_e3e95546a84d0ed8,0.02151485137969066
ck_3135c019696ee6af,0.9760462095612524
ck_41ba315d8fccb559,0.01053752934678931
ck_72b86e4485da2d0f,0.9897492612991581
ck_daaa995f3c2f0e47,0.02325860235995007
ck_053746067839696b,0.018007929711164734
ck_a15fe7d0f4b65c33,0.18464530771937473
ck_15de11438732bb05,0.017483396942734045
ck_2c4d25acbe3fabd9,0.016417194389330574
ck_7f08078908599bd2,0.03263672548399228
ck_e794741742fb2619,0.012244244291987873
ck_238e53b6dee8c301,0.0005659332114855809
ck_53a6a33060d5c8b8,0.006690927870292618
ck_0e0919292ad33472,0.6201212599598409
ck_d86ccf148c06c8c8,0.017910176251975454
ck_c881f26c9bf9ae42,0.3181189396169075
ck_4b0947bf94e9d847,0.032532115417192586
ck_e10ff5c38bd18470,0.009558610359929534
ck_b60de9e97aad9e45,0.8794894585987924
ck_190bc849e5ff5401,0.0381801230686325
ck_e7be077aa0b2632c,0.002064453416163265
ck_a51abde881ebeff3,0.012180107329578787
ck_2208392a9f6bd249,0.020777766572795047
ck_0259da8f109017e9,0.0011248346549336018
ck_05e01ab9c95449da,0.010015694986143991
ck_c82897ebffb6ae66,0.003202399000596675
ck_b4a6bb4689cd7cfa,0.01935157357726852
ck_9e21ea33018ce538,0.009556505581782674
ck_caa348f0e65db062,0.9593432955417392
ck_a964e6b5d8415334,0.42185706865969164
ck_510bfbbee37ff436,0.0067196787585852655
ck_9741a82faf5c7889,0.015703473871254953
ck_e7f61b4a39ba98ac,0.0010894341534740631
ck_069d158665a53909,0.0017159687750184238
ck_6426427efe3228af,0.016156431700192514
ck_ab4a8d02ec3c0fd7,0.0006053859870981499
ck_aefa0d8d933e0eca,0.02366441770986365
ck_232325ef6bce92f1,0.008929740243012912
ck_14e58c3fb26a2b4d,0.020480473386327393
ck_06e73afdec26aecc,0.16887392685786023
ck_3168f4f2778d64e1,0.009170454717808831
ck_ff3998d6858daa21,0.00031837783615163426
ck_bccff46fb0868454,0.1948285953525798
ck_c7d444d90fa86d7c,0.26192119421078874
ck_f0bc3bdee6bfbb94,0.01596739011411703
ck_f7112818a6d81422,0.07610436087296402
ck_aca35dbcb835ad02,0.03440372488485202
ck_f637fabf0f60528f,0.005984924880561573
ck_53d17ab97de1ac3e,0.005422857810382704
ck_c8c1bf16d9113493,0.02633712535126497
ck_e842fb0cf055a83b,0.05394023414687899
ck_93c0cb3dac4891fe,0.0067567491142426035
ck_0c1f088e17e46daf,0.025847972360271056
ck_8f4b384955bf57c9,0.00669226331000001
ck_09cd5c4df1e81ac2,0.03404785370688047
ck_1e832a5b2342554f,0.06624315642981411
ck_2cb763a881aee27f,0.0018487751184902584
ck_5875828b11406398,0.008380399599072845
ck_48e84b0cb0b90fa7,0.01515322163312245
ck_833688de8629c5c0,0.0006140522360986305
ck_117d78ccd5820f36,0.004017795933837464
ck_668ec61c4c39cae3,0.0006966275234725237
ck_73a7794b659d7a34,0.0056458558067218065
ck_10f90d879209734f,0.004625621806553393
ck_d1d079913aa158bf,0.008296824658122818
ck_01c631b38e8a9535,0.004079791824873141
ck_f6923088c17a04e2,0.04812622936953641
ck_b447badc9138987d,0.0005422515315558809
ck_8b772caed8f1541c,0.004523020769303655
ck_5403c76fe68a08ba,0.19163574664807095
ck_3e6833574edf1736,0.016732830936243843
ck_e527fbb9450a4581,0.9123986978953327
ck_cc90e219f1ebf390,0.0012649811913673806
